id_cliente;nome_cliente;idade;data_atendimento;serviço;produto_vendido;valor_serviço;valor_produto
C250;Pedro Lucas Martins;71;2024-01-01;Combo 1;;110;0
C225;Sr. João Felipe Pires;56;2024-01-01;Corte a Maquina;;55;0
C234;Joaquim Fernandes;33;2024-01-01;Limpeza de pele;;45;0
C119;Erick Caldeira;78;2024-01-01;Depilação de nariz;Shampoo de barba;35;49
C243;Diogo Ribeiro;61;2024-01-01;Acabamento;;28;0
C110;Diego Moraes;19;2024-01-01;Acabamento;;28;0
C221;João Felipe Almeida;14;2024-01-01;Combo 1;Shampoo de barba;110;49
C084;Nicolas Oliveira;31;2024-01-01;Barba Modelada;;55;0
C082;Yuri Teixeira;43;2024-01-02;Combo 1;;110;0
C211;Cauê Almeida;29;2024-01-02;Barba Modelada;;55;0
C128;Gustavo Henrique Cardoso;3;2024-01-02;Combo 1;;110;0
C019;Calebe Gomes;5;2024-01-02;Corte de Cabelo;;70;0
C172;Dr. Luiz Henrique Azevedo;62;2024-01-02;Corte de Cabelo;;70;0
C066;Benício Moreira;22;2024-01-02;Limpeza de pele;Pomada de cabelo;45;89
C176;Lucas Gabriel Costela;69;2024-01-02;Limpeza de pele;;45;0
C193;Diego Campos;4;2024-01-02;Combo 1;;110;0
C205;Luiz Felipe Almeida;44;2024-01-02;Limpeza de pele;Balm;45;49
C023;Luiz Gustavo Moreira;55;2024-01-02;Corte a Maquina;Balm;55;49
C098;Dr. Nathan Viana;35;2024-01-02;Combo 2;Balm;100;49
C124;Dr. Gustavo Henrique Rodrigues;61;2024-01-02;Combo 2;;100;0
C149;Enzo Gabriel Rocha;49;2024-01-02;Corte a Maquina;Pomada de cabelo;55;89
C247;Dr. Danilo Caldeira;72;2024-01-02;Combo 1;Shampoo de barba;110;49
C224;Noah Nascimento;47;2024-01-02;Barba Modelada;;55;0
C223;Samuel Souza;57;2024-01-03;Corte de Cabelo;;70;0
C223;Samuel Souza;57;2024-01-03;Barba Modelada;;55;0
C232;Levi da Mota;45;2024-01-03;Combo 1;;110;0
C075;Thiago da Rosa;33;2024-01-03;Limpeza de pele;;45;0
C085;João Lucas Azevedo;6;2024-01-03;Combo 1;;110;0
C047;Diogo Lima;17;2024-01-03;Combo 1;;110;0
C029;Pedro Miguel da Cunha;22;2024-01-03;Combo 1;Balm;110;49
C021;Breno Nogueira;27;2024-01-03;Depilação de orelha;;35;0
C075;Thiago da Rosa;33;2024-01-04;Hidratação;;70;0
C053;Guilherme Fogaça;75;2024-01-04;Combo 1;;110;0
C097;Nicolas Gomes;20;2024-01-04;Corte de Cabelo;Shampoo de barba;70;49
C001;Carlos Eduardo Silveira;16;2024-01-04;Corte de Cabelo;;70;0
C005;Dr. Enrico Ribeiro;30;2024-01-04;Barba Modelada;;55;0
C146;Sr. Davi Luiz Cardoso;79;2024-01-04;Sobrancelha;;35;0
C235;Augusto Peixoto;26;2024-01-04;Corte de Cabelo;;70;0
C161;Luiz Miguel Sales;32;2024-01-04;Combo 2;Pomada de cabelo;100;89
C161;Luiz Miguel Sales;32;2024-01-04;Corte de Cabelo;Pomada de cabelo;70;89
C234;Joaquim Fernandes;33;2024-01-04;Acabamento;Pomada de cabelo;28;89
C057;Sr. Juan Cavalcanti;31;2024-01-04;Corte de Cabelo;Shampoo de barba;70;49
C177;Thiago Melo;79;2024-01-04;Acabamento;;28;0
C239;Danilo Pinto;19;2024-01-04;Depilação de orelha;;35;0
C193;Diego Campos;4;2024-01-04;Corte a Maquina;Pomada de cabelo;55;89
C181;Dr. Enzo Gabriel Pinto;27;2024-01-04;Barba Modelada;;55;0
C123;Diogo Mendes;78;2024-01-05;Depilação de nariz;;35;0
C140;Cauã Freitas;66;2024-01-05;Barba Modelada;;55;0
C051;Lorenzo Fernandes;39;2024-01-05;Corte de Cabelo;Shampoo de barba;70;49
C218;Sr. Emanuel da Mata;62;2024-01-05;Acabamento;Pomada de cabelo;28;89
C115;Bernardo Viana;16;2024-01-05;Combo 1;;110;0
C114;João Gabriel da Mota;8;2024-01-05;Corte a Maquina;;55;0
C197;Dr. Lucca Porto;77;2024-01-05;Sobrancelha;;35;0
C209;Lorenzo Martins;37;2024-01-05;Combo 1;Shampoo de barba;110;49
C187;Ian Moraes;59;2024-01-05;Barba Modelada;;55;0
C228;Benjamin Carvalho;8;2024-01-05;Combo 1;Pomada de cabelo;110;89
C095;João Lucas Barbosa;52;2024-01-05;Corte de Cabelo;;70;0
C088;Sr. Bruno Rocha;36;2024-01-05;Corte de Cabelo;;70;0
C075;Thiago da Rosa;33;2024-01-05;Barba Modelada;;55;0
C198;Dr. Luiz Miguel Vieira;30;2024-01-05;Combo 1;;110;0
C157;Erick da Cruz;4;2024-01-05;Combo 1;;110;0
C107;Dr. Gabriel Souza;53;2024-01-06;Combo 1;;110;0
C244;Sr. Benjamin Moura;33;2024-01-06;Acabamento;Shampoo de barba;28;49
C063;Marcos Vinicius da Mata;37;2024-01-06;Corte de Cabelo;;70;0
C122;Nathan Moura;50;2024-01-06;Combo 1;;110;0
C008;Dr. Calebe Caldeira;71;2024-01-06;Sobrancelha;;35;0
C205;Luiz Felipe Almeida;44;2024-01-06;Barba Modelada;;55;0
C186;Rodrigo Castro;68;2024-01-06;Combo 1;;110;0
C171;Erick Ferreira;18;2024-01-06;Corte de Cabelo;;70;0
C126;Davi da Cunha;34;2024-01-06;Corte de Cabelo;Shampoo de barba;70;49
C150;Pedro Henrique Pereira;22;2024-01-06;Combo 1;;110;0
C035;Cauê Pereira;45;2024-01-06;Corte a Maquina;;55;0
C147;Miguel Alves;27;2024-01-06;Combo 2;;100;0
C036;Dr. Davi Lucas Azevedo;15;2024-01-06;Combo 1;Pomada de cabelo;110;89
C249;Bryan da Mata;8;2024-01-07;Corte a Maquina;;55;0
C060;Marcos Vinicius Lopes;31;2024-01-07;Barba Modelada;;55;0
C032;Gabriel Teixeira;37;2024-01-07;Combo 1;;110;0
C219;Lucca Nogueira;54;2024-01-07;Corte a Maquina;;55;0
C047;Diogo Lima;17;2024-01-07;Combo 1;;110;0
C053;Guilherme Fogaça;75;2024-01-07;Acabamento;;28;0
C024;Breno das Neves;30;2024-01-07;Sobrancelha;Pomada de cabelo;35;89
C250;Pedro Lucas Martins;71;2024-01-07;Combo 1;;110;0
C223;Samuel Souza;57;2024-01-07;Corte de Cabelo;Shampoo de barba;70;49
C076;Marcelo Mendes;22;2024-01-07;Corte a Maquina;;55;0
C198;Dr. Luiz Miguel Vieira;30;2024-01-07;Combo 1;Pomada de cabelo;110;89
C203;Renan da Mota;10;2024-01-07;Combo 1;Balm;110;49
C105;João Vitor Cunha;56;2024-01-07;Acabamento;Shampoo de barba;28;49
C186;Rodrigo Castro;68;2024-01-07;Combo 1;Pomada de cabelo;110;89
C115;Bernardo Viana;16;2024-01-07;Corte a Maquina;;55;0
C242;Davi Novaes;37;2024-01-07;Depilação de orelha;;35;0
C173;Lucca da Paz;72;2024-01-07;Combo 1;;110;0
C122;Nathan Moura;50;2024-01-07;Hidratação;Balm;70;49
C160;Noah Porto;41;2024-01-07;Combo 1;;110;0
C191;Enrico Peixoto;10;2024-01-07;Combo 1;Balm;110;49
C082;Yuri Teixeira;43;2024-01-08;Depilação de orelha;;35;0
C190;Luiz Felipe Carvalho;30;2024-01-08;Combo 2;;100;0
C048;Otávio Araújo;50;2024-01-08;Corte a Maquina;;55;0
C180;Bryan Azevedo;71;2024-01-08;Barba Modelada;;55;0
C128;Gustavo Henrique Cardoso;3;2024-01-08;Corte de Cabelo;;70;0
C248;Bernardo Rocha;14;2024-01-09;Combo 1;;110;0
C148;Sr. Enrico Teixeira;21;2024-01-09;Barba Modelada;;55;0
C042;João Vitor Cardoso;79;2024-01-09;Corte de Cabelo;;70;0
C215;Dr. Luiz Gustavo da Luz;75;2024-01-09;Sobrancelha;;35;0
C238;Dr. Heitor da Costa;59;2024-01-09;Combo 2;Balm;100;49
C164;Nathan Cardoso;74;2024-01-09;Barba Modelada;;55;0
C060;Marcos Vinicius Lopes;31;2024-01-09;Hidratação;;70;0
C205;Luiz Felipe Almeida;44;2024-01-09;Barba Modelada;;55;0
C182;Sr. Alexandre Azevedo;41;2024-01-09;Depilação de orelha;;35;0
C021;Breno Nogueira;27;2024-01-09;Combo 1;Shampoo de barba;110;49
C020;Sr. Calebe Peixoto;73;2024-01-09;Combo 1;;110;0
C019;Calebe Gomes;5;2024-01-09;Corte a Maquina;;55;0
C144;Enrico Moura;40;2024-01-09;Corte a Maquina;;55;0
C230;Enzo Alves;9;2024-01-09;Combo 1;;110;0
C124;Dr. Gustavo Henrique Rodrigues;61;2024-01-09;Barba Modelada;;55;0
C093;Calebe Dias;29;2024-01-10;Combo 1;;110;0
C239;Danilo Pinto;19;2024-01-10;Combo 1;;110;0
C005;Dr. Enrico Ribeiro;30;2024-01-10;Combo 2;;100;0
C127;Luiz Otávio da Rocha;72;2024-01-10;Barba Modelada;;55;0
C012;Yago Pereira;6;2024-01-10;Corte de Cabelo;;70;0
C083;Samuel Azevedo;9;2024-01-10;Corte de Cabelo;;70;0
C218;Sr. Emanuel da Mata;62;2024-01-10;Corte a Maquina;Balm;55;49
C234;Joaquim Fernandes;33;2024-01-10;Combo 1;;110;0
C097;Nicolas Gomes;20;2024-01-10;Combo 2;;100;0
C009;Matheus da Cunha;13;2024-01-10;Combo 1;;110;0
C189;Enzo Gomes;33;2024-01-10;Barba Modelada;;55;0
C205;Luiz Felipe Almeida;44;2024-01-10;Combo 1;;110;0
C219;Lucca Nogueira;54;2024-01-10;Barba Modelada;;55;0
C050;Pedro Henrique Fogaça;72;2024-01-10;Sobrancelha;;35;0
C098;Dr. Nathan Viana;35;2024-01-11;Corte de Cabelo;;70;0
C007;Enzo Pires;15;2024-01-11;Corte de Cabelo;Balm;70;49
C027;Dr. Kaique Farias;37;2024-01-11;Corte de Cabelo;Shampoo de barba;70;49
C152;Heitor Vieira;69;2024-01-11;Depilação de orelha;;35;0
C021;Breno Nogueira;27;2024-01-11;Combo 2;Balm;100;49
C240;Benjamin Lima;56;2024-01-11;Combo 2;;100;0
C157;Erick da Cruz;4;2024-01-11;Corte de Cabelo;Shampoo de barba;70;49
C031;Emanuel Farias;45;2024-01-11;Limpeza de pele;Pomada de cabelo;45;89
C149;Enzo Gabriel Rocha;49;2024-01-11;Combo 1;;110;0
C048;Otávio Araújo;50;2024-01-11;Corte de Cabelo;;70;0
C191;Enrico Peixoto;10;2024-01-12;Corte de Cabelo;;70;0
C212;Breno da Costa;71;2024-01-12;Sobrancelha;;35;0
C086;Sr. Davi Lucas Vieira;42;2024-01-12;Corte a Maquina;;55;0
C025;Dr. Leonardo Barros;59;2024-01-12;Corte de Cabelo;;70;0
C043;Dr. Kaique Campos;35;2024-01-12;Barba Modelada;;55;0
C104;Lucas Gabriel Gomes;76;2024-01-12;Corte de Cabelo;;70;0
C157;Erick da Cruz;4;2024-01-12;Corte de Cabelo;;70;0
C159;João Ribeiro;48;2024-01-12;Corte a Maquina;;55;0
C193;Diego Campos;4;2024-01-13;Combo 1;;110;0
C021;Breno Nogueira;27;2024-01-13;Combo 2;;100;0
C060;Marcos Vinicius Lopes;31;2024-01-13;Corte de Cabelo;;70;0
C013;Ryan Porto;5;2024-01-13;Corte de Cabelo;;70;0
C225;Sr. João Felipe Pires;56;2024-01-13;Corte de Cabelo;;70;0
C131;Enzo Gabriel Porto;36;2024-01-13;Corte de Cabelo;;70;0
C010;Benjamin Fernandes;77;2024-01-13;Barba Modelada;;55;0
C073;Sr. Diogo da Luz;23;2024-01-13;Combo 1;;110;0
C242;Davi Novaes;37;2024-01-13;Combo 1;;110;0
C061;Samuel da Luz;14;2024-01-13;Combo 1;;110;0
C182;Sr. Alexandre Azevedo;41;2024-01-13;Corte de Cabelo;;70;0
C046;Calebe das Neves;70;2024-01-13;Barba Modelada;Shampoo de barba;55;49
C046;Calebe das Neves;70;2024-01-13;Sobrancelha;Balm;35;49
C118;Ryan Cavalcanti;56;2024-01-14;Corte a Maquina;;55;0
C021;Breno Nogueira;27;2024-01-14;Combo 1;;110;0
C124;Dr. Gustavo Henrique Rodrigues;61;2024-01-14;Corte de Cabelo;;70;0
C005;Dr. Enrico Ribeiro;30;2024-01-14;Barba Modelada;;55;0
C127;Luiz Otávio da Rocha;72;2024-01-14;Corte a Maquina;;55;0
C095;João Lucas Barbosa;52;2024-01-14;Barba Modelada;;55;0
C101;Rodrigo Ferreira;73;2024-01-14;Corte de Cabelo;;70;0
C207;Pietro Caldeira;67;2024-01-15;Sobrancelha;;35;0
C064;Felipe Lopes;60;2024-01-15;Combo 1;;110;0
C047;Diogo Lima;17;2024-01-15;Combo 1;;110;0
C008;Dr. Calebe Caldeira;71;2024-01-15;Combo 1;Shampoo de barba;110;49
C078;Luiz Fernando Costa;50;2024-01-15;Corte de Cabelo;;70;0
C092;Marcos Vinicius Nogueira;42;2024-01-15;Barba Modelada;;55;0
C233;Sr. Thomas Silva;15;2024-01-15;Corte de Cabelo;;70;0
C126;Davi da Cunha;34;2024-01-15;Combo 1;;110;0
C164;Nathan Cardoso;74;2024-01-15;Sobrancelha;;35;0
C018;Benício das Neves;79;2024-01-15;Corte de Cabelo;;70;0
C031;Emanuel Farias;45;2024-01-15;Combo 1;;110;0
C247;Dr. Danilo Caldeira;72;2024-01-15;Combo 1;;110;0
C223;Samuel Souza;57;2024-01-15;Corte de Cabelo;;70;0
C050;Pedro Henrique Fogaça;72;2024-01-15;Combo 1;;110;0
C122;Nathan Moura;50;2024-01-16;Combo 1;Shampoo de barba;110;49
C046;Calebe das Neves;70;2024-01-16;Sobrancelha;;35;0
C001;Carlos Eduardo Silveira;16;2024-01-16;Corte de Cabelo;Pomada de cabelo;70;89
C112;Dr. Erick Ferreira;65;2024-01-16;Combo 1;;110;0
C113;Luiz Gustavo Rocha;13;2024-01-16;Combo 1;;110;0
C130;Dr. Luigi Ferreira;70;2024-01-16;Depilação de nariz;;35;0
C089;Sr. Alexandre Cavalcanti;10;2024-01-16;Combo 1;;110;0
C170;Dr. Noah Farias;18;2024-01-16;Sobrancelha;;35;0
C082;Yuri Teixeira;43;2024-01-16;Depilação de orelha;;35;0
C215;Dr. Luiz Gustavo da Luz;75;2024-01-16;Corte de Cabelo;;70;0
C150;Pedro Henrique Pereira;22;2024-01-16;Hidratação;;70;0
C227;Davi Luiz da Paz;61;2024-01-16;Combo 1;Pomada de cabelo;110;89
C078;Luiz Fernando Costa;50;2024-01-16;Barba Modelada;;55;0
C243;Diogo Ribeiro;61;2024-01-16;Corte de Cabelo;;70;0
C074;Lucas Gabriel Azevedo;70;2024-01-16;Depilação de orelha;Balm;35;49
C140;Cauã Freitas;66;2024-01-16;Corte de Cabelo;;70;0
C134;Heitor Moura;39;2024-01-16;Corte a Maquina;Shampoo de barba;55;49
C135;Lucas Costa;57;2024-01-16;Combo 1;Balm;110;49
C063;Marcos Vinicius da Mata;37;2024-01-17;Combo 1;Pomada de cabelo;110;89
C064;Felipe Lopes;60;2024-01-17;Barba Modelada;;55;0
C171;Erick Ferreira;18;2024-01-17;Corte a Maquina;;55;0
C119;Erick Caldeira;78;2024-01-17;Combo 1;;110;0
C161;Luiz Miguel Sales;32;2024-01-17;Hidratação;Pomada de cabelo;70;89
C210;João Miguel da Paz;64;2024-01-17;Combo 1;;110;0
C126;Davi da Cunha;34;2024-01-17;Hidratação;;70;0
C232;Levi da Mota;45;2024-01-17;Corte de Cabelo;Pomada de cabelo;70;89
C189;Enzo Gomes;33;2024-01-17;Corte de Cabelo;;70;0
C020;Sr. Calebe Peixoto;73;2024-01-17;Corte de Cabelo;;70;0
C148;Sr. Enrico Teixeira;21;2024-01-17;Corte de Cabelo;;70;0
C022;Danilo Fernandes;71;2024-01-17;Corte de Cabelo;Pomada de cabelo;70;89
C227;Davi Luiz da Paz;61;2024-01-17;Acabamento;;28;0
C144;Enrico Moura;40;2024-01-17;Barba Modelada;;55;0
C029;Pedro Miguel da Cunha;22;2024-01-17;Depilação de orelha;;35;0
C028;Davi Lucas da Costa;2;2024-01-17;Corte de Cabelo;;70;0
C196;Gabriel Peixoto;31;2024-01-17;Barba Modelada;;55;0
C112;Dr. Erick Ferreira;65;2024-01-17;Limpeza de pele;Shampoo de barba;45;49
C113;Luiz Gustavo Rocha;13;2024-01-17;Combo 1;;110;0
C099;Lucas Gabriel Almeida;19;2024-01-17;Corte de Cabelo;;70;0
C014;Luiz Henrique Caldeira;13;2024-01-17;Corte de Cabelo;;70;0
C097;Nicolas Gomes;20;2024-01-18;Combo 1;;110;0
C230;Enzo Alves;9;2024-01-18;Corte a Maquina;;55;0
C076;Marcelo Mendes;22;2024-01-18;Sobrancelha;Pomada de cabelo;35;89
C076;Marcelo Mendes;22;2024-01-18;Combo 1;;110;0
C004;Sr. Davi Luiz Gomes;33;2024-01-18;Barba Modelada;;55;0
C027;Dr. Kaique Farias;37;2024-01-18;Combo 1;Pomada de cabelo;110;89
C028;Davi Lucas da Costa;2;2024-01-18;Combo 1;;110;0
C247;Dr. Danilo Caldeira;72;2024-01-18;Limpeza de pele;;45;0
C178;Benício da Mata;56;2024-01-18;Limpeza de pele;;45;0
C207;Pietro Caldeira;67;2024-01-18;Corte de Cabelo;Shampoo de barba;70;49
C181;Dr. Enzo Gabriel Pinto;27;2024-01-18;Combo 1;Shampoo de barba;110;49
C093;Calebe Dias;29;2024-01-18;Corte de Cabelo;;70;0
C163;Thomas Cardoso;32;2024-01-18;Sobrancelha;;35;0
C092;Marcos Vinicius Nogueira;42;2024-01-18;Combo 1;;110;0
C182;Sr. Alexandre Azevedo;41;2024-01-18;Barba Modelada;;55;0
C202;Breno Vieira;31;2024-01-18;Combo 1;;110;0
C197;Dr. Lucca Porto;77;2024-01-18;Corte de Cabelo;;70;0
C048;Otávio Araújo;50;2024-01-18;Hidratação;Shampoo de barba;70;49
C066;Benício Moreira;22;2024-01-19;Combo 2;Balm;100;49
C204;João Vitor Martins;6;2024-01-19;Corte de Cabelo;;70;0
C051;Lorenzo Fernandes;39;2024-01-19;Barba Modelada;;55;0
C089;Sr. Alexandre Cavalcanti;10;2024-01-19;Combo 1;;110;0
C015;Theo Cardoso;29;2024-01-19;Barba Modelada;;55;0
C157;Erick da Cruz;4;2024-01-20;Combo 1;;110;0
C110;Diego Moraes;19;2024-01-20;Combo 1;;110;0
C105;João Vitor Cunha;56;2024-01-20;Corte de Cabelo;Pomada de cabelo;70;89
C072;João Lucas Cunha;79;2024-01-20;Corte de Cabelo;;70;0
C134;Heitor Moura;39;2024-01-20;Corte de Cabelo;;70;0
C153;Yuri Cardoso;2;2024-01-20;Corte a Maquina;;55;0
C121;Eduardo Nascimento;51;2024-01-20;Corte de Cabelo;;70;0
C018;Benício das Neves;79;2024-01-20;Combo 1;;110;0
C199;Luiz Felipe Moraes;2;2024-01-20;Corte de Cabelo;;70;0
C228;Benjamin Carvalho;8;2024-01-20;Combo 1;;110;0
C037;André da Paz;13;2024-01-20;Corte de Cabelo;;70;0
C107;Dr. Gabriel Souza;53;2024-01-20;Barba Modelada;Pomada de cabelo;55;89
C120;Gabriel Rodrigues;10;2024-01-20;Combo 1;;110;0
C163;Thomas Cardoso;32;2024-01-20;Depilação de orelha;Pomada de cabelo;35;89
C125;Dr. Daniel Cardoso;69;2024-01-20;Combo 1;;110;0
C064;Felipe Lopes;60;2024-01-20;Combo 1;Pomada de cabelo;110;89
C167;Marcos Vinicius Ferreira;64;2024-01-20;Combo 1;;110;0
C061;Samuel da Luz;14;2024-01-20;Combo 1;;110;0
C105;João Vitor Cunha;56;2024-01-20;Corte a Maquina;;55;0
C177;Thiago Melo;79;2024-01-20;Limpeza de pele;Balm;45;49
C175;Diogo Almeida;35;2024-01-20;Barba Modelada;;55;0
C178;Benício da Mata;56;2024-01-21;Corte de Cabelo;Balm;70;49
C118;Ryan Cavalcanti;56;2024-01-21;Corte de Cabelo;;70;0
C198;Dr. Luiz Miguel Vieira;30;2024-01-21;Combo 2;Balm;100;49
C230;Enzo Alves;9;2024-01-21;Corte de Cabelo;Pomada de cabelo;70;89
C249;Bryan da Mata;8;2024-01-21;Combo 1;;110;0
C066;Benício Moreira;22;2024-01-21;Corte de Cabelo;Balm;70;49
C060;Marcos Vinicius Lopes;31;2024-01-21;Combo 1;;110;0
C122;Nathan Moura;50;2024-01-21;Corte de Cabelo;;70;0
C156;João Felipe das Neves;64;2024-01-21;Depilação de nariz;;35;0
C183;Sr. Enrico das Neves;53;2024-01-22;Hidratação;Pomada de cabelo;70;89
C231;Francisco Vieira;53;2024-01-22;Combo 1;;110;0
C145;Pedro Henrique Vieira;66;2024-01-22;Barba Modelada;Shampoo de barba;55;49
C134;Heitor Moura;39;2024-01-22;Corte de Cabelo;;70;0
C068;Thomas Melo;47;2024-01-22;Depilação de orelha;Balm;35;49
C057;Sr. Juan Cavalcanti;31;2024-01-22;Barba Modelada;Balm;55;49
C155;Dr. Davi Lucca Aragão;43;2024-01-22;Barba Modelada;;55;0
C241;Bruno Souza;25;2024-01-22;Hidratação;;70;0
C016;Levi Pereira;31;2024-01-22;Limpeza de pele;;45;0
C092;Marcos Vinicius Nogueira;42;2024-01-22;Corte de Cabelo;Balm;70;49
C107;Dr. Gabriel Souza;53;2024-01-23;Depilação de orelha;;35;0
C186;Rodrigo Castro;68;2024-01-23;Corte a Maquina;Shampoo de barba;55;49
C077;Igor Pereira;61;2024-01-23;Combo 1;;110;0
C148;Sr. Enrico Teixeira;21;2024-01-23;Acabamento;;28;0
C215;Dr. Luiz Gustavo da Luz;75;2024-01-23;Corte de Cabelo;;70;0
C176;Lucas Gabriel Costela;69;2024-01-23;Barba Modelada;;55;0
C163;Thomas Cardoso;32;2024-01-23;Hidratação;;70;0
C125;Dr. Daniel Cardoso;69;2024-01-23;Corte de Cabelo;;70;0
C116;Lucca Moraes;21;2024-01-23;Sobrancelha;;35;0
C169;Alexandre Gomes;70;2024-01-24;Corte de Cabelo;;70;0
C105;João Vitor Cunha;56;2024-01-24;Corte a Maquina;;55;0
C032;Gabriel Teixeira;37;2024-01-24;Combo 1;;110;0
C215;Dr. Luiz Gustavo da Luz;75;2024-01-24;Combo 1;;110;0
C078;Luiz Fernando Costa;50;2024-01-24;Corte de Cabelo;;70;0
C135;Lucas Costa;57;2024-01-24;Hidratação;Shampoo de barba;70;49
C016;Levi Pereira;31;2024-01-25;Barba Modelada;;55;0
C082;Yuri Teixeira;43;2024-01-25;Corte de Cabelo;;70;0
C134;Heitor Moura;39;2024-01-25;Corte de Cabelo;;70;0
C099;Lucas Gabriel Almeida;19;2024-01-25;Sobrancelha;;35;0
C091;Marcos Vinicius Castro;74;2024-01-25;Depilação de orelha;Pomada de cabelo;35;89
C104;Lucas Gabriel Gomes;76;2024-01-25;Corte de Cabelo;;70;0
C156;João Felipe das Neves;64;2024-01-25;Corte a Maquina;;55;0
C164;Nathan Cardoso;74;2024-01-25;Corte de Cabelo;Balm;70;49
C244;Sr. Benjamin Moura;33;2024-01-25;Corte de Cabelo;Shampoo de barba;70;49
C188;Dr. Cauê Moraes;17;2024-01-26;Combo 1;;110;0
C117;Henrique Barros;22;2024-01-26;Corte a Maquina;;55;0
C035;Cauê Pereira;45;2024-01-26;Barba Modelada;;55;0
C142;Enzo da Mota;66;2024-01-26;Combo 1;;110;0
C079;João Guilherme Dias;36;2024-01-26;Corte de Cabelo;;70;0
C079;João Guilherme Dias;36;2024-01-26;Combo 1;;110;0
C050;Pedro Henrique Fogaça;72;2024-01-26;Combo 1;;110;0
C204;João Vitor Martins;6;2024-01-27;Corte de Cabelo;Balm;70;49
C203;Renan da Mota;10;2024-01-27;Corte de Cabelo;;70;0
C243;Diogo Ribeiro;61;2024-01-27;Corte a Maquina;;55;0
C010;Benjamin Fernandes;77;2024-01-27;Combo 1;;110;0
C211;Cauê Almeida;29;2024-01-27;Combo 1;Shampoo de barba;110;49
C019;Calebe Gomes;5;2024-01-27;Corte de Cabelo;;70;0
C069;Pedro Henrique Pires;28;2024-01-27;Acabamento;Shampoo de barba;28;49
C106;Sr. Yago Jesus;76;2024-01-27;Corte de Cabelo;Pomada de cabelo;70;89
C195;Dr. João Felipe Lopes;72;2024-01-27;Combo 1;Pomada de cabelo;110;89
C059;Sr. Caio Teixeira;12;2024-01-27;Corte de Cabelo;;70;0
C119;Erick Caldeira;78;2024-01-28;Corte de Cabelo;;70;0
C187;Ian Moraes;59;2024-01-28;Limpeza de pele;;45;0
C051;Lorenzo Fernandes;39;2024-01-28;Sobrancelha;;35;0
C141;Noah Freitas;24;2024-01-28;Corte de Cabelo;;70;0
C237;Luiz Gustavo Gonçalves;70;2024-01-28;Corte de Cabelo;Shampoo de barba;70;49
C067;João Felipe Monteiro;49;2024-01-28;Corte de Cabelo;;70;0
C170;Dr. Noah Farias;18;2024-01-28;Combo 1;;110;0
C220;Lorenzo Alves;26;2024-01-28;Corte de Cabelo;;70;0
C069;Pedro Henrique Pires;28;2024-01-28;Combo 1;;110;0
C024;Breno das Neves;30;2024-01-28;Corte a Maquina;;55;0
C027;Dr. Kaique Farias;37;2024-01-28;Barba Modelada;;55;0
C118;Ryan Cavalcanti;56;2024-01-28;Combo 1;;110;0
C060;Marcos Vinicius Lopes;31;2024-01-28;Corte de Cabelo;;70;0
C182;Sr. Alexandre Azevedo;41;2024-01-29;Acabamento;;28;0
C205;Luiz Felipe Almeida;44;2024-01-29;Hidratação;;70;0
C162;Breno da Paz;9;2024-01-29;Combo 1;;110;0
C198;Dr. Luiz Miguel Vieira;30;2024-01-29;Acabamento;Pomada de cabelo;28;89
C247;Dr. Danilo Caldeira;72;2024-01-29;Acabamento;;28;0
C096;Enzo Moreira;60;2024-01-29;Corte de Cabelo;;70;0
C167;Marcos Vinicius Ferreira;64;2024-01-29;Corte de Cabelo;Shampoo de barba;70;49
C014;Luiz Henrique Caldeira;13;2024-01-29;Corte de Cabelo;Shampoo de barba;70;49
C077;Igor Pereira;61;2024-01-29;Combo 1;;110;0
C110;Diego Moraes;19;2024-01-29;Combo 1;Balm;110;49
C058;Dr. Danilo Aragão;39;2024-01-29;Combo 2;;100;0
C083;Samuel Azevedo;9;2024-01-29;Combo 1;;110;0
C035;Cauê Pereira;45;2024-01-30;Barba Modelada;;55;0
C122;Nathan Moura;50;2024-01-30;Combo 1;Pomada de cabelo;110;89
C160;Noah Porto;41;2024-01-30;Corte de Cabelo;;70;0
C219;Lucca Nogueira;54;2024-01-30;Barba Modelada;;55;0
C170;Dr. Noah Farias;18;2024-01-30;Barba Modelada;;55;0
C165;Vitor Novaes;12;2024-01-30;Corte a Maquina;Balm;55;49
C097;Nicolas Gomes;20;2024-01-30;Corte de Cabelo;Balm;70;49
C029;Pedro Miguel da Cunha;22;2024-01-30;Combo 1;Pomada de cabelo;110;89
C003;Dr. Daniel Vieira;37;2024-01-30;Depilação de orelha;;35;0
C112;Dr. Erick Ferreira;65;2024-01-30;Corte de Cabelo;Shampoo de barba;70;49
C198;Dr. Luiz Miguel Vieira;30;2024-01-30;Barba Modelada;;55;0
C203;Renan da Mota;10;2024-01-30;Corte de Cabelo;Balm;70;49
C126;Davi da Cunha;34;2024-01-30;Combo 1;;110;0
C192;Sr. João Lucas Ribeiro;45;2024-01-30;Acabamento;;28;0
C136;Dr. Levi Cunha;22;2024-01-31;Barba Modelada;;55;0
C122;Nathan Moura;50;2024-01-31;Corte de Cabelo;;70;0
C226;Pedro Henrique Jesus;54;2024-01-31;Combo 2;;100;0
C160;Noah Porto;41;2024-01-31;Corte de Cabelo;;70;0
C152;Heitor Vieira;69;2024-01-31;Barba Modelada;;55;0
C132;João Vitor Azevedo;45;2024-01-31;Hidratação;Pomada de cabelo;70;89
C143;Miguel da Cunha;15;2024-01-31;Corte de Cabelo;Shampoo de barba;70;49
C009;Matheus da Cunha;13;2024-02-01;Combo 1;;110;0
C121;Eduardo Nascimento;51;2024-02-01;Corte de Cabelo;;70;0
C065;Vinicius Aragão;48;2024-02-01;Combo 1;Shampoo de barba;110;49
C073;Sr. Diogo da Luz;23;2024-02-01;Depilação de nariz;;35;0
C109;Luiz Otávio Santos;30;2024-02-01;Barba Modelada;;55;0
C202;Breno Vieira;31;2024-02-01;Combo 1;;110;0
C173;Lucca da Paz;72;2024-02-01;Hidratação;;70;0
C051;Lorenzo Fernandes;39;2024-02-01;Combo 2;;100;0
C075;Thiago da Rosa;33;2024-02-01;Combo 1;;110;0
C044;Francisco da Cruz;7;2024-02-01;Combo 1;;110;0
C189;Enzo Gomes;33;2024-02-01;Depilação de orelha;;35;0
C111;Antônio Alves;67;2024-02-01;Corte a Maquina;;55;0
C049;Emanuel Oliveira;12;2024-02-01;Corte de Cabelo;Balm;70;49
C214;Gustavo Barbosa;75;2024-02-01;Combo 1;;110;0
C226;Pedro Henrique Jesus;54;2024-02-01;Combo 1;;110;0
C074;Lucas Gabriel Azevedo;70;2024-02-01;Limpeza de pele;;45;0
C004;Sr. Davi Luiz Gomes;33;2024-02-02;Corte de Cabelo;;70;0
C073;Sr. Diogo da Luz;23;2024-02-02;Hidratação;;70;0
C176;Lucas Gabriel Costela;69;2024-02-02;Hidratação;;70;0
C067;João Felipe Monteiro;49;2024-02-02;Corte de Cabelo;;70;0
C011;Dr. Pedro Henrique Carvalho;56;2024-02-02;Combo 2;Pomada de cabelo;100;89
C116;Lucca Moraes;21;2024-02-02;Combo 1;;110;0
C099;Lucas Gabriel Almeida;19;2024-02-02;Limpeza de pele;;45;0
C107;Dr. Gabriel Souza;53;2024-02-02;Corte de Cabelo;;70;0
C018;Benício das Neves;79;2024-02-02;Corte a Maquina;;55;0
C148;Sr. Enrico Teixeira;21;2024-02-03;Corte de Cabelo;;70;0
C231;Francisco Vieira;53;2024-02-03;Corte de Cabelo;;70;0
C129;Eduardo Nunes;16;2024-02-03;Corte de Cabelo;;70;0
C119;Erick Caldeira;78;2024-02-03;Corte a Maquina;Balm;55;49
C082;Yuri Teixeira;43;2024-02-03;Combo 1;Balm;110;49
C075;Thiago da Rosa;33;2024-02-03;Corte de Cabelo;;70;0
C141;Noah Freitas;24;2024-02-03;Combo 1;Shampoo de barba;110;49
C216;Thales Almeida;62;2024-02-03;Barba Modelada;;55;0
C173;Lucca da Paz;72;2024-02-03;Hidratação;;70;0
C162;Breno da Paz;9;2024-02-03;Corte a Maquina;;55;0
C167;Marcos Vinicius Ferreira;64;2024-02-03;Depilação de nariz;;35;0
C231;Francisco Vieira;53;2024-02-03;Barba Modelada;Balm;55;49
C151;Cauê Oliveira;71;2024-02-04;Corte de Cabelo;Shampoo de barba;70;49
C149;Enzo Gabriel Rocha;49;2024-02-04;Combo 2;;100;0
C073;Sr. Diogo da Luz;23;2024-02-04;Corte de Cabelo;;70;0
C247;Dr. Danilo Caldeira;72;2024-02-04;Combo 2;;100;0
C125;Dr. Daniel Cardoso;69;2024-02-04;Combo 1;;110;0
C154;João Guilherme Ribeiro;78;2024-02-04;Combo 1;;110;0
C160;Noah Porto;41;2024-02-04;Corte de Cabelo;Balm;70;49
C048;Otávio Araújo;50;2024-02-04;Corte de Cabelo;;70;0
C044;Francisco da Cruz;7;2024-02-04;Corte de Cabelo;Balm;70;49
C064;Felipe Lopes;60;2024-02-04;Combo 2;Shampoo de barba;100;49
C140;Cauã Freitas;66;2024-02-04;Limpeza de pele;;45;0
C185;Dr. Marcelo Silva;58;2024-02-04;Depilação de nariz;;35;0
C110;Diego Moraes;19;2024-02-04;Corte de Cabelo;Balm;70;49
C160;Noah Porto;41;2024-02-05;Combo 1;;110;0
C084;Nicolas Oliveira;31;2024-02-05;Sobrancelha;Shampoo de barba;35;49
C159;João Ribeiro;48;2024-02-05;Combo 1;Shampoo de barba;110;49
C167;Marcos Vinicius Ferreira;64;2024-02-05;Barba Modelada;Pomada de cabelo;55;89
C129;Eduardo Nunes;16;2024-02-05;Combo 1;Pomada de cabelo;110;89
C139;Luiz Felipe Pinto;35;2024-02-05;Corte a Maquina;;55;0
C197;Dr. Lucca Porto;77;2024-02-05;Limpeza de pele;;45;0
C121;Eduardo Nascimento;51;2024-02-05;Corte a Maquina;Shampoo de barba;55;49
C220;Lorenzo Alves;26;2024-02-05;Acabamento;Balm;28;49
C183;Sr. Enrico das Neves;53;2024-02-05;Corte de Cabelo;;70;0
C186;Rodrigo Castro;68;2024-02-05;Corte de Cabelo;;70;0
C152;Heitor Vieira;69;2024-02-05;Corte de Cabelo;;70;0
C058;Dr. Danilo Aragão;39;2024-02-05;Combo 2;;100;0
C033;Marcelo Ribeiro;21;2024-02-05;Combo 2;;100;0
C187;Ian Moraes;59;2024-02-05;Corte a Maquina;;55;0
C031;Emanuel Farias;45;2024-02-05;Barba Modelada;Pomada de cabelo;55;89
C060;Marcos Vinicius Lopes;31;2024-02-05;Combo 2;;100;0
C024;Breno das Neves;30;2024-02-05;Corte de Cabelo;Balm;70;49
C119;Erick Caldeira;78;2024-02-05;Barba Modelada;Balm;55;49
C029;Pedro Miguel da Cunha;22;2024-02-05;Depilação de nariz;Balm;35;49
C198;Dr. Luiz Miguel Vieira;30;2024-02-05;Combo 1;;110;0
C109;Luiz Otávio Santos;30;2024-02-06;Corte de Cabelo;Shampoo de barba;70;49
C042;João Vitor Cardoso;79;2024-02-06;Depilação de nariz;;35;0
C100;Marcos Vinicius Novaes;33;2024-02-06;Combo 2;;100;0
C124;Dr. Gustavo Henrique Rodrigues;61;2024-02-06;Combo 2;Pomada de cabelo;100;89
C048;Otávio Araújo;50;2024-02-06;Corte a Maquina;;55;0
C017;Alexandre das Neves;66;2024-02-06;Corte a Maquina;;55;0
C234;Joaquim Fernandes;33;2024-02-06;Combo 1;;110;0
C139;Luiz Felipe Pinto;35;2024-02-06;Combo 1;;110;0
C041;Arthur Silveira;46;2024-02-06;Depilação de nariz;;35;0
C175;Diogo Almeida;35;2024-02-07;Barba Modelada;;55;0
C021;Breno Nogueira;27;2024-02-07;Limpeza de pele;;45;0
C196;Gabriel Peixoto;31;2024-02-07;Corte de Cabelo;;70;0
C136;Dr. Levi Cunha;22;2024-02-07;Corte de Cabelo;;70;0
C080;Anthony Souza;73;2024-02-07;Barba Modelada;;55;0
C095;João Lucas Barbosa;52;2024-02-07;Sobrancelha;;35;0
C135;Lucas Costa;57;2024-02-07;Sobrancelha;;35;0
C246;Sr. Cauê da Costa;58;2024-02-07;Barba Modelada;Pomada de cabelo;55;89
C208;João Pedro Teixeira;32;2024-02-07;Combo 1;Balm;110;49
C241;Bruno Souza;25;2024-02-07;Corte de Cabelo;;70;0
C075;Thiago da Rosa;33;2024-02-07;Depilação de nariz;;35;0
C098;Dr. Nathan Viana;35;2024-02-07;Depilação de orelha;;35;0
C200;Murilo Almeida;11;2024-02-08;Combo 1;;110;0
C243;Diogo Ribeiro;61;2024-02-08;Barba Modelada;;55;0
C068;Thomas Melo;47;2024-02-08;Limpeza de pele;Shampoo de barba;45;49
C075;Thiago da Rosa;33;2024-02-08;Corte de Cabelo;;70;0
C167;Marcos Vinicius Ferreira;64;2024-02-08;Combo 1;Balm;110;49
C157;Erick da Cruz;4;2024-02-08;Corte de Cabelo;Pomada de cabelo;70;89
C246;Sr. Cauê da Costa;58;2024-02-08;Hidratação;;70;0
C108;Dr. Luiz Fernando Porto;48;2024-02-08;Combo 2;Shampoo de barba;100;49
C152;Heitor Vieira;69;2024-02-08;Combo 2;;100;0
C245;Sr. Joaquim Martins;11;2024-02-08;Combo 1;;110;0
C163;Thomas Cardoso;32;2024-02-08;Limpeza de pele;;45;0
C182;Sr. Alexandre Azevedo;41;2024-02-08;Depilação de orelha;Shampoo de barba;35;49
C123;Diogo Mendes;78;2024-02-08;Corte de Cabelo;;70;0
C172;Dr. Luiz Henrique Azevedo;62;2024-02-08;Combo 1;;110;0
C229;Fernando Castro;14;2024-02-09;Corte de Cabelo;;70;0
C217;Thales Ferreira;33;2024-02-09;Corte a Maquina;;55;0
C008;Dr. Calebe Caldeira;71;2024-02-09;Combo 1;;110;0
C206;Sr. Bryan Rezende;11;2024-02-09;Combo 1;Pomada de cabelo;110;89
C237;Luiz Gustavo Gonçalves;70;2024-02-09;Corte de Cabelo;;70;0
C104;Lucas Gabriel Gomes;76;2024-02-09;Corte de Cabelo;;70;0
C122;Nathan Moura;50;2024-02-09;Corte de Cabelo;Pomada de cabelo;70;89
C232;Levi da Mota;45;2024-02-09;Barba Modelada;;55;0
C078;Luiz Fernando Costa;50;2024-02-09;Corte de Cabelo;;70;0
C249;Bryan da Mata;8;2024-02-09;Corte a Maquina;Pomada de cabelo;55;89
C058;Dr. Danilo Aragão;39;2024-02-09;Acabamento;Pomada de cabelo;28;89
C077;Igor Pereira;61;2024-02-09;Combo 1;;110;0
C032;Gabriel Teixeira;37;2024-02-09;Barba Modelada;Shampoo de barba;55;49
C062;Lorenzo da Paz;50;2024-02-10;Combo 1;;110;0
C041;Arthur Silveira;46;2024-02-10;Barba Modelada;;55;0
C059;Sr. Caio Teixeira;12;2024-02-10;Combo 1;Pomada de cabelo;110;89
C089;Sr. Alexandre Cavalcanti;10;2024-02-10;Corte de Cabelo;Pomada de cabelo;70;89
C092;Marcos Vinicius Nogueira;42;2024-02-10;Combo 1;Balm;110;49
C017;Alexandre das Neves;66;2024-02-10;Limpeza de pele;Shampoo de barba;45;49
C098;Dr. Nathan Viana;35;2024-02-10;Acabamento;Pomada de cabelo;28;89
C087;Augusto Nunes;53;2024-02-10;Acabamento;;28;0
C224;Noah Nascimento;47;2024-02-10;Corte de Cabelo;;70;0
C180;Bryan Azevedo;71;2024-02-11;Corte de Cabelo;;70;0
C220;Lorenzo Alves;26;2024-02-11;Combo 1;;110;0
C173;Lucca da Paz;72;2024-02-11;Combo 1;;110;0
C096;Enzo Moreira;60;2024-02-11;Combo 1;;110;0
C247;Dr. Danilo Caldeira;72;2024-02-11;Corte a Maquina;Shampoo de barba;55;49
C069;Pedro Henrique Pires;28;2024-02-11;Barba Modelada;;55;0
C199;Luiz Felipe Moraes;2;2024-02-11;Corte de Cabelo;;70;0
C145;Pedro Henrique Vieira;66;2024-02-11;Combo 1;Shampoo de barba;110;49
C051;Lorenzo Fernandes;39;2024-02-11;Combo 2;Shampoo de barba;100;49
C074;Lucas Gabriel Azevedo;70;2024-02-11;Combo 1;;110;0
C244;Sr. Benjamin Moura;33;2024-02-11;Acabamento;;28;0
C007;Enzo Pires;15;2024-02-11;Combo 1;Pomada de cabelo;110;89
C213;Sr. Luiz Henrique da Conceição;18;2024-02-11;Corte de Cabelo;Pomada de cabelo;70;89
C133;Kevin Silva;16;2024-02-11;Combo 1;;110;0
C182;Sr. Alexandre Azevedo;41;2024-02-12;Combo 2;Balm;100;49
C213;Sr. Luiz Henrique da Conceição;18;2024-02-12;Barba Modelada;;55;0
C176;Lucas Gabriel Costela;69;2024-02-12;Corte de Cabelo;Pomada de cabelo;70;89
C054;Joaquim Caldeira;26;2024-02-12;Barba Modelada;;55;0
C181;Dr. Enzo Gabriel Pinto;27;2024-02-12;Barba Modelada;;55;0
C038;Sr. João Miguel Alves;50;2024-02-12;Combo 2;;100;0
C102;Kevin Moraes;70;2024-02-12;Barba Modelada;Balm;55;49
C243;Diogo Ribeiro;61;2024-02-12;Combo 1;;110;0
C218;Sr. Emanuel da Mata;62;2024-02-12;Combo 1;;110;0
C137;Danilo Viana;60;2024-02-12;Corte de Cabelo;;70;0
C075;Thiago da Rosa;33;2024-02-12;Combo 1;Balm;110;49
C142;Enzo da Mota;66;2024-02-12;Limpeza de pele;Shampoo de barba;45;49
C233;Sr. Thomas Silva;15;2024-02-12;Corte de Cabelo;;70;0
C226;Pedro Henrique Jesus;54;2024-02-12;Barba Modelada;;55;0
C239;Danilo Pinto;19;2024-02-12;Corte de Cabelo;;70;0
C132;João Vitor Azevedo;45;2024-02-12;Combo 2;Pomada de cabelo;100;89
C127;Luiz Otávio da Rocha;72;2024-02-12;Combo 1;;110;0
C028;Davi Lucas da Costa;2;2024-02-12;Combo 1;;110;0
C148;Sr. Enrico Teixeira;21;2024-02-13;Corte a Maquina;;55;0
C059;Sr. Caio Teixeira;12;2024-02-13;Combo 1;;110;0
C246;Sr. Cauê da Costa;58;2024-02-13;Corte de Cabelo;Pomada de cabelo;70;89
C117;Henrique Barros;22;2024-02-13;Depilação de nariz;;35;0
C188;Dr. Cauê Moraes;17;2024-02-13;Corte de Cabelo;Balm;70;49
C111;Antônio Alves;67;2024-02-13;Depilação de nariz;Shampoo de barba;35;49
C032;Gabriel Teixeira;37;2024-02-13;Corte de Cabelo;;70;0
C066;Benício Moreira;22;2024-02-13;Corte de Cabelo;;70;0
C045;Luiz Gustavo Oliveira;60;2024-02-13;Limpeza de pele;;45;0
C048;Otávio Araújo;50;2024-02-13;Combo 1;;110;0
C240;Benjamin Lima;56;2024-02-14;Depilação de nariz;;35;0
C017;Alexandre das Neves;66;2024-02-14;Combo 1;;110;0
C073;Sr. Diogo da Luz;23;2024-02-14;Combo 1;;110;0
C190;Luiz Felipe Carvalho;30;2024-02-14;Acabamento;Pomada de cabelo;28;89
C243;Diogo Ribeiro;61;2024-02-14;Hidratação;;70;0
C036;Dr. Davi Lucas Azevedo;15;2024-02-14;Corte a Maquina;;55;0
C151;Cauê Oliveira;71;2024-02-14;Corte de Cabelo;;70;0
C091;Marcos Vinicius Castro;74;2024-02-14;Combo 1;;110;0
C176;Lucas Gabriel Costela;69;2024-02-14;Acabamento;Balm;28;49
C084;Nicolas Oliveira;31;2024-02-14;Hidratação;;70;0
C020;Sr. Calebe Peixoto;73;2024-02-14;Combo 1;Pomada de cabelo;110;89
C021;Breno Nogueira;27;2024-02-15;Corte de Cabelo;;70;0
C025;Dr. Leonardo Barros;59;2024-02-15;Corte de Cabelo;;70;0
C129;Eduardo Nunes;16;2024-02-15;Corte a Maquina;Balm;55;49
C110;Diego Moraes;19;2024-02-15;Limpeza de pele;;45;0
C060;Marcos Vinicius Lopes;31;2024-02-15;Hidratação;Pomada de cabelo;70;89
C195;Dr. João Felipe Lopes;72;2024-02-15;Corte de Cabelo;;70;0
C188;Dr. Cauê Moraes;17;2024-02-15;Combo 1;;110;0
C151;Cauê Oliveira;71;2024-02-15;Corte a Maquina;;55;0
C090;Yuri Fernandes;29;2024-02-15;Barba Modelada;;55;0
C246;Sr. Cauê da Costa;58;2024-02-15;Combo 1;Shampoo de barba;110;49
C036;Dr. Davi Lucas Azevedo;15;2024-02-15;Corte de Cabelo;Pomada de cabelo;70;89
C234;Joaquim Fernandes;33;2024-02-15;Corte a Maquina;Balm;55;49
C020;Sr. Calebe Peixoto;73;2024-02-15;Limpeza de pele;;45;0
C219;Lucca Nogueira;54;2024-02-15;Combo 1;Pomada de cabelo;110;89
C178;Benício da Mata;56;2024-02-15;Combo 1;;110;0
C151;Cauê Oliveira;71;2024-02-15;Corte de Cabelo;;70;0
C244;Sr. Benjamin Moura;33;2024-02-16;Corte de Cabelo;;70;0
C020;Sr. Calebe Peixoto;73;2024-02-16;Corte a Maquina;;55;0
C171;Erick Ferreira;18;2024-02-16;Combo 1;;110;0
C133;Kevin Silva;16;2024-02-16;Corte a Maquina;;55;0
C023;Luiz Gustavo Moreira;55;2024-02-16;Corte de Cabelo;;70;0
C024;Breno das Neves;30;2024-02-16;Combo 1;;110;0
C035;Cauê Pereira;45;2024-02-16;Depilação de orelha;;35;0
C172;Dr. Luiz Henrique Azevedo;62;2024-02-16;Limpeza de pele;Balm;45;49
C194;Kevin Silva;77;2024-02-16;Combo 1;;110;0
C086;Sr. Davi Lucas Vieira;42;2024-02-16;Hidratação;;70;0
C056;Marcos Vinicius Lima;7;2024-02-16;Corte de Cabelo;;70;0
C174;Leonardo Novaes;23;2024-02-16;Barba Modelada;;55;0
C238;Dr. Heitor da Costa;59;2024-02-16;Corte de Cabelo;Balm;70;49
C103;João Vitor Martins;35;2024-02-16;Barba Modelada;;55;0
C082;Yuri Teixeira;43;2024-02-16;Acabamento;Balm;28;49
C107;Dr. Gabriel Souza;53;2024-02-16;Combo 1;;110;0
C151;Cauê Oliveira;71;2024-02-16;Corte de Cabelo;;70;0
C025;Dr. Leonardo Barros;59;2024-02-16;Combo 1;;110;0
C102;Kevin Moraes;70;2024-02-17;Corte a Maquina;Balm;55;49
C099;Lucas Gabriel Almeida;19;2024-02-17;Combo 1;;110;0
C241;Bruno Souza;25;2024-02-17;Depilação de nariz;;35;0
C044;Francisco da Cruz;7;2024-02-17;Corte de Cabelo;;70;0
C140;Cauã Freitas;66;2024-02-17;Depilação de nariz;Shampoo de barba;35;49
C100;Marcos Vinicius Novaes;33;2024-02-17;Combo 1;;110;0
C152;Heitor Vieira;69;2024-02-17;Depilação de nariz;;35;0
C034;João Moraes;29;2024-02-17;Corte a Maquina;Shampoo de barba;55;49
C214;Gustavo Barbosa;75;2024-02-17;Corte de Cabelo;;70;0
C043;Dr. Kaique Campos;35;2024-02-17;Corte de Cabelo;;70;0
C051;Lorenzo Fernandes;39;2024-02-17;Corte de Cabelo;Shampoo de barba;70;49
C142;Enzo da Mota;66;2024-02-17;Combo 1;;110;0
C004;Sr. Davi Luiz Gomes;33;2024-02-18;Barba Modelada;;55;0
C195;Dr. João Felipe Lopes;72;2024-02-18;Acabamento;;28;0
C111;Antônio Alves;67;2024-02-18;Barba Modelada;;55;0
C030;Lorenzo Santos;56;2024-02-18;Sobrancelha;Balm;35;49
C129;Eduardo Nunes;16;2024-02-18;Corte de Cabelo;Pomada de cabelo;70;89
C147;Miguel Alves;27;2024-02-18;Corte de Cabelo;Balm;70;49
C212;Breno da Costa;71;2024-02-18;Barba Modelada;Shampoo de barba;55;49
C021;Breno Nogueira;27;2024-02-18;Corte de Cabelo;;70;0
C102;Kevin Moraes;70;2024-02-18;Combo 1;;110;0
C018;Benício das Neves;79;2024-02-19;Hidratação;;70;0
C085;João Lucas Azevedo;6;2024-02-19;Corte de Cabelo;Balm;70;49
C131;Enzo Gabriel Porto;36;2024-02-19;Limpeza de pele;Pomada de cabelo;45;89
C038;Sr. João Miguel Alves;50;2024-02-19;Combo 1;;110;0
C109;Luiz Otávio Santos;30;2024-02-19;Combo 2;;100;0
C052;Pedro Miguel Sales;48;2024-02-19;Corte de Cabelo;;70;0
C096;Enzo Moreira;60;2024-02-19;Depilação de nariz;;35;0
C021;Breno Nogueira;27;2024-02-19;Combo 2;;100;0
C042;João Vitor Cardoso;79;2024-02-19;Combo 1;;110;0
C242;Davi Novaes;37;2024-02-19;Combo 1;Pomada de cabelo;110;89
C168;Bruno Pires;10;2024-02-19;Corte de Cabelo;;70;0
C067;João Felipe Monteiro;49;2024-02-19;Combo 2;;100;0
C097;Nicolas Gomes;20;2024-02-19;Depilação de nariz;;35;0
C032;Gabriel Teixeira;37;2024-02-19;Corte de Cabelo;Balm;70;49
C166;Sr. João Vitor Vieira;12;2024-02-19;Corte a Maquina;;55;0
C163;Thomas Cardoso;32;2024-02-20;Depilação de nariz;;35;0
C177;Thiago Melo;79;2024-02-20;Corte a Maquina;Balm;55;49
C043;Dr. Kaique Campos;35;2024-02-20;Depilação de orelha;;35;0
C171;Erick Ferreira;18;2024-02-20;Barba Modelada;;55;0
C179;Dr. Vitor Barbosa;29;2024-02-20;Sobrancelha;Shampoo de barba;35;49
C179;Dr. Vitor Barbosa;29;2024-02-20;Barba Modelada;;55;0
C067;João Felipe Monteiro;49;2024-02-20;Corte a Maquina;;55;0
C231;Francisco Vieira;53;2024-02-20;Corte de Cabelo;;70;0
C050;Pedro Henrique Fogaça;72;2024-02-20;Depilação de nariz;;35;0
C107;Dr. Gabriel Souza;53;2024-02-20;Limpeza de pele;;45;0
C093;Calebe Dias;29;2024-02-20;Corte de Cabelo;;70;0
C090;Yuri Fernandes;29;2024-02-20;Depilação de orelha;;35;0
C038;Sr. João Miguel Alves;50;2024-02-20;Combo 1;;110;0
C108;Dr. Luiz Fernando Porto;48;2024-02-20;Combo 1;;110;0
C185;Dr. Marcelo Silva;58;2024-02-21;Limpeza de pele;;45;0
C202;Breno Vieira;31;2024-02-21;Corte de Cabelo;;70;0
C072;João Lucas Cunha;79;2024-02-21;Barba Modelada;Pomada de cabelo;55;89
C144;Enrico Moura;40;2024-02-21;Combo 1;;110;0
C030;Lorenzo Santos;56;2024-02-21;Corte de Cabelo;Shampoo de barba;70;49
C053;Guilherme Fogaça;75;2024-02-21;Corte de Cabelo;;70;0
C124;Dr. Gustavo Henrique Rodrigues;61;2024-02-21;Corte a Maquina;;55;0
C123;Diogo Mendes;78;2024-02-21;Hidratação;Shampoo de barba;70;49
C017;Alexandre das Neves;66;2024-02-21;Hidratação;Balm;70;49
C117;Henrique Barros;22;2024-02-21;Combo 1;;110;0
C012;Yago Pereira;6;2024-02-22;Combo 1;;110;0
C178;Benício da Mata;56;2024-02-22;Hidratação;;70;0
C136;Dr. Levi Cunha;22;2024-02-22;Depilação de nariz;Balm;35;49
C121;Eduardo Nascimento;51;2024-02-22;Combo 1;Shampoo de barba;110;49
C187;Ian Moraes;59;2024-02-22;Corte de Cabelo;Shampoo de barba;70;49
C021;Breno Nogueira;27;2024-02-22;Corte de Cabelo;;70;0
C232;Levi da Mota;45;2024-02-22;Hidratação;;70;0
C195;Dr. João Felipe Lopes;72;2024-02-22;Depilação de nariz;;35;0
C026;João Felipe Cavalcanti;77;2024-02-22;Corte a Maquina;;55;0
C164;Nathan Cardoso;74;2024-02-22;Combo 2;;100;0
C145;Pedro Henrique Vieira;66;2024-02-22;Acabamento;;28;0
C144;Enrico Moura;40;2024-02-22;Corte de Cabelo;Pomada de cabelo;70;89
C207;Pietro Caldeira;67;2024-02-23;Depilação de orelha;Shampoo de barba;35;49
C050;Pedro Henrique Fogaça;72;2024-02-23;Corte a Maquina;;55;0
C027;Dr. Kaique Farias;37;2024-02-23;Corte de Cabelo;;70;0
C076;Marcelo Mendes;22;2024-02-23;Combo 1;;110;0
C024;Breno das Neves;30;2024-02-23;Corte de Cabelo;;70;0
C200;Murilo Almeida;11;2024-02-23;Combo 1;;110;0
C248;Bernardo Rocha;14;2024-02-23;Corte de Cabelo;;70;0
C181;Dr. Enzo Gabriel Pinto;27;2024-02-23;Corte de Cabelo;Shampoo de barba;70;49
C039;Paulo Cardoso;14;2024-02-23;Combo 1;;110;0
C096;Enzo Moreira;60;2024-02-23;Corte de Cabelo;Pomada de cabelo;70;89
C012;Yago Pereira;6;2024-02-23;Corte de Cabelo;Shampoo de barba;70;49
C114;João Gabriel da Mota;8;2024-02-23;Corte a Maquina;;55;0
C167;Marcos Vinicius Ferreira;64;2024-02-23;Combo 1;;110;0
C224;Noah Nascimento;47;2024-02-23;Corte de Cabelo;Pomada de cabelo;70;89
C159;João Ribeiro;48;2024-02-23;Corte de Cabelo;;70;0
C060;Marcos Vinicius Lopes;31;2024-02-23;Barba Modelada;;55;0
C152;Heitor Vieira;69;2024-02-23;Barba Modelada;;55;0
C093;Calebe Dias;29;2024-02-23;Depilação de orelha;;35;0
C105;João Vitor Cunha;56;2024-02-23;Corte de Cabelo;;70;0
C118;Ryan Cavalcanti;56;2024-02-23;Corte de Cabelo;Shampoo de barba;70;49
C061;Samuel da Luz;14;2024-02-23;Corte de Cabelo;;70;0
C134;Heitor Moura;39;2024-02-23;Corte de Cabelo;;70;0
C207;Pietro Caldeira;67;2024-02-23;Corte de Cabelo;;70;0
C244;Sr. Benjamin Moura;33;2024-02-23;Combo 1;;110;0
C169;Alexandre Gomes;70;2024-02-23;Combo 1;Balm;110;49
C141;Noah Freitas;24;2024-02-23;Corte a Maquina;;55;0
C225;Sr. João Felipe Pires;56;2024-02-24;Corte de Cabelo;Pomada de cabelo;70;89
C001;Carlos Eduardo Silveira;16;2024-02-24;Corte a Maquina;;55;0
C124;Dr. Gustavo Henrique Rodrigues;61;2024-02-24;Combo 1;;110;0
C151;Cauê Oliveira;71;2024-02-24;Limpeza de pele;;45;0
C219;Lucca Nogueira;54;2024-02-24;Corte de Cabelo;;70;0
C110;Diego Moraes;19;2024-02-24;Corte de Cabelo;Pomada de cabelo;70;89
C023;Luiz Gustavo Moreira;55;2024-02-24;Corte de Cabelo;Balm;70;49
C239;Danilo Pinto;19;2024-02-24;Barba Modelada;;55;0
C149;Enzo Gabriel Rocha;49;2024-02-24;Hidratação;;70;0
C034;João Moraes;29;2024-02-24;Corte de Cabelo;;70;0
C201;Nathan Gonçalves;9;2024-02-24;Combo 1;;110;0
C057;Sr. Juan Cavalcanti;31;2024-02-24;Combo 1;;110;0
C136;Dr. Levi Cunha;22;2024-02-24;Sobrancelha;Shampoo de barba;35;49
C007;Enzo Pires;15;2024-02-24;Combo 1;;110;0
C150;Pedro Henrique Pereira;22;2024-02-24;Combo 1;;110;0
C066;Benício Moreira;22;2024-02-25;Barba Modelada;;55;0
C111;Antônio Alves;67;2024-02-25;Combo 1;;110;0
C088;Sr. Bruno Rocha;36;2024-02-25;Corte de Cabelo;;70;0
C216;Thales Almeida;62;2024-02-25;Barba Modelada;Shampoo de barba;55;49
C018;Benício das Neves;79;2024-02-25;Barba Modelada;;55;0
C057;Sr. Juan Cavalcanti;31;2024-02-25;Barba Modelada;;55;0
C242;Davi Novaes;37;2024-02-25;Barba Modelada;;55;0
C099;Lucas Gabriel Almeida;19;2024-02-25;Combo 1;;110;0
C032;Gabriel Teixeira;37;2024-02-25;Sobrancelha;Pomada de cabelo;35;89
C226;Pedro Henrique Jesus;54;2024-02-25;Acabamento;;28;0
C204;João Vitor Martins;6;2024-02-25;Corte de Cabelo;;70;0
C106;Sr. Yago Jesus;76;2024-02-25;Combo 1;;110;0
C004;Sr. Davi Luiz Gomes;33;2024-02-25;Corte de Cabelo;Pomada de cabelo;70;89
C176;Lucas Gabriel Costela;69;2024-02-25;Combo 1;;110;0
C196;Gabriel Peixoto;31;2024-02-26;Corte de Cabelo;;70;0
C232;Levi da Mota;45;2024-02-26;Corte de Cabelo;;70;0
C120;Gabriel Rodrigues;10;2024-02-26;Combo 1;Pomada de cabelo;110;89
C170;Dr. Noah Farias;18;2024-02-26;Hidratação;;70;0
C159;João Ribeiro;48;2024-02-26;Corte de Cabelo;;70;0
C215;Dr. Luiz Gustavo da Luz;75;2024-02-26;Corte de Cabelo;Shampoo de barba;70;49
C181;Dr. Enzo Gabriel Pinto;27;2024-02-26;Barba Modelada;Balm;55;49
C248;Bernardo Rocha;14;2024-02-26;Corte a Maquina;;55;0
C232;Levi da Mota;45;2024-02-26;Depilação de orelha;Pomada de cabelo;35;89
C160;Noah Porto;41;2024-02-26;Hidratação;;70;0
C232;Levi da Mota;45;2024-02-26;Barba Modelada;;55;0
C213;Sr. Luiz Henrique da Conceição;18;2024-02-27;Corte de Cabelo;;70;0
C018;Benício das Neves;79;2024-02-27;Combo 2;;100;0
C161;Luiz Miguel Sales;32;2024-02-27;Corte de Cabelo;Pomada de cabelo;70;89
C044;Francisco da Cruz;7;2024-02-27;Combo 1;Balm;110;49
C054;Joaquim Caldeira;26;2024-02-27;Combo 1;;110;0
C160;Noah Porto;41;2024-02-27;Combo 2;;100;0
C111;Antônio Alves;67;2024-02-28;Combo 1;;110;0
C154;João Guilherme Ribeiro;78;2024-02-28;Combo 1;;110;0
C210;João Miguel da Paz;64;2024-02-28;Combo 1;Pomada de cabelo;110;89
C157;Erick da Cruz;4;2024-02-28;Corte de Cabelo;Pomada de cabelo;70;89
C128;Gustavo Henrique Cardoso;3;2024-02-28;Combo 1;Balm;110;49
C054;Joaquim Caldeira;26;2024-02-28;Combo 2;;100;0
C209;Lorenzo Martins;37;2024-02-28;Combo 1;Pomada de cabelo;110;89
C214;Gustavo Barbosa;75;2024-02-28;Combo 1;Balm;110;49
C121;Eduardo Nascimento;51;2024-02-28;Corte de Cabelo;;70;0
C199;Luiz Felipe Moraes;2;2024-02-28;Corte de Cabelo;;70;0
C243;Diogo Ribeiro;61;2024-02-28;Hidratação;Pomada de cabelo;70;89
C078;Luiz Fernando Costa;50;2024-02-28;Corte de Cabelo;;70;0
C052;Pedro Miguel Sales;48;2024-02-28;Barba Modelada;;55;0
C179;Dr. Vitor Barbosa;29;2024-02-28;Corte a Maquina;;55;0
C158;Vicente Cardoso;16;2024-02-29;Combo 1;;110;0
C250;Pedro Lucas Martins;71;2024-02-29;Corte de Cabelo;Balm;70;49
C016;Levi Pereira;31;2024-02-29;Hidratação;;70;0
C143;Miguel da Cunha;15;2024-02-29;Combo 1;Pomada de cabelo;110;89
C011;Dr. Pedro Henrique Carvalho;56;2024-02-29;Limpeza de pele;Shampoo de barba;45;49
C023;Luiz Gustavo Moreira;55;2024-02-29;Barba Modelada;;55;0
C021;Breno Nogueira;27;2024-02-29;Acabamento;;28;0
C095;João Lucas Barbosa;52;2024-02-29;Sobrancelha;;35;0
C112;Dr. Erick Ferreira;65;2024-02-29;Barba Modelada;;55;0
C070;Davi Luiz Fogaça;36;2024-02-29;Depilação de orelha;Shampoo de barba;35;49
C136;Dr. Levi Cunha;22;2024-02-29;Corte de Cabelo;;70;0
C079;João Guilherme Dias;36;2024-02-29;Corte de Cabelo;Shampoo de barba;70;49
C181;Dr. Enzo Gabriel Pinto;27;2024-02-29;Hidratação;;70;0
C022;Danilo Fernandes;71;2024-02-29;Sobrancelha;;35;0
C071;Rafael Mendes;11;2024-02-29;Corte de Cabelo;Balm;70;49
C242;Davi Novaes;37;2024-02-29;Barba Modelada;;55;0
C078;Luiz Fernando Costa;50;2024-02-29;Depilação de orelha;;35;0
C104;Lucas Gabriel Gomes;76;2024-02-29;Combo 1;;110;0
C207;Pietro Caldeira;67;2024-02-29;Barba Modelada;;55;0
C197;Dr. Lucca Porto;77;2024-03-01;Barba Modelada;Pomada de cabelo;55;89
C214;Gustavo Barbosa;75;2024-03-01;Combo 2;;100;0
C139;Luiz Felipe Pinto;35;2024-03-01;Combo 1;;110;0
C125;Dr. Daniel Cardoso;69;2024-03-01;Combo 2;;100;0
C138;Cauã Teixeira;2;2024-03-01;Combo 1;;110;0
C045;Luiz Gustavo Oliveira;60;2024-03-01;Combo 1;;110;0
C166;Sr. João Vitor Vieira;12;2024-03-01;Combo 1;;110;0
C026;João Felipe Cavalcanti;77;2024-03-01;Acabamento;Pomada de cabelo;28;89
C242;Davi Novaes;37;2024-03-01;Corte de Cabelo;;70;0
C132;João Vitor Azevedo;45;2024-03-02;Hidratação;;70;0
C117;Henrique Barros;22;2024-03-02;Corte de Cabelo;;70;0
C070;Davi Luiz Fogaça;36;2024-03-02;Corte de Cabelo;Shampoo de barba;70;49
C101;Rodrigo Ferreira;73;2024-03-02;Corte de Cabelo;;70;0
C226;Pedro Henrique Jesus;54;2024-03-02;Depilação de orelha;;35;0
C029;Pedro Miguel da Cunha;22;2024-03-02;Corte de Cabelo;Balm;70;49
C227;Davi Luiz da Paz;61;2024-03-02;Corte de Cabelo;;70;0
C013;Ryan Porto;5;2024-03-02;Corte a Maquina;;55;0
C034;João Moraes;29;2024-03-02;Corte de Cabelo;Pomada de cabelo;70;89
C220;Lorenzo Alves;26;2024-03-02;Corte de Cabelo;;70;0
C241;Bruno Souza;25;2024-03-02;Depilação de orelha;Balm;35;49
C033;Marcelo Ribeiro;21;2024-03-02;Corte de Cabelo;Pomada de cabelo;70;89
C002;Raul da Rocha;5;2024-03-02;Combo 1;;110;0
C079;João Guilherme Dias;36;2024-03-03;Corte a Maquina;;55;0
C169;Alexandre Gomes;70;2024-03-03;Corte de Cabelo;Balm;70;49
C065;Vinicius Aragão;48;2024-03-03;Combo 1;;110;0
C092;Marcos Vinicius Nogueira;42;2024-03-03;Combo 1;;110;0
C003;Dr. Daniel Vieira;37;2024-03-03;Limpeza de pele;;45;0
C086;Sr. Davi Lucas Vieira;42;2024-03-03;Barba Modelada;;55;0
C060;Marcos Vinicius Lopes;31;2024-03-04;Combo 1;;110;0
C091;Marcos Vinicius Castro;74;2024-03-04;Corte a Maquina;;55;0
C061;Samuel da Luz;14;2024-03-04;Corte a Maquina;;55;0
C043;Dr. Kaique Campos;35;2024-03-04;Corte de Cabelo;;70;0
C146;Sr. Davi Luiz Cardoso;79;2024-03-04;Corte a Maquina;;55;0
C147;Miguel Alves;27;2024-03-04;Acabamento;;28;0
C023;Luiz Gustavo Moreira;55;2024-03-04;Depilação de orelha;;35;0
C237;Luiz Gustavo Gonçalves;70;2024-03-04;Combo 1;;110;0
C057;Sr. Juan Cavalcanti;31;2024-03-04;Corte de Cabelo;Balm;70;49
C150;Pedro Henrique Pereira;22;2024-03-04;Barba Modelada;;55;0
C198;Dr. Luiz Miguel Vieira;30;2024-03-05;Barba Modelada;;55;0
C030;Lorenzo Santos;56;2024-03-05;Corte a Maquina;Balm;55;49
C111;Antônio Alves;67;2024-03-05;Depilação de orelha;;35;0
C192;Sr. João Lucas Ribeiro;45;2024-03-05;Combo 1;Balm;110;49
C052;Pedro Miguel Sales;48;2024-03-05;Corte de Cabelo;;70;0
C053;Guilherme Fogaça;75;2024-03-05;Hidratação;;70;0
C174;Leonardo Novaes;23;2024-03-05;Depilação de nariz;;35;0
C216;Thales Almeida;62;2024-03-05;Combo 1;;110;0
C075;Thiago da Rosa;33;2024-03-05;Corte a Maquina;Balm;55;49
C209;Lorenzo Martins;37;2024-03-05;Combo 1;;110;0
C136;Dr. Levi Cunha;22;2024-03-05;Limpeza de pele;;45;0
C214;Gustavo Barbosa;75;2024-03-05;Combo 1;Pomada de cabelo;110;89
C021;Breno Nogueira;27;2024-03-06;Corte de Cabelo;Shampoo de barba;70;49
C164;Nathan Cardoso;74;2024-03-06;Combo 1;;110;0
C144;Enrico Moura;40;2024-03-06;Barba Modelada;;55;0
C074;Lucas Gabriel Azevedo;70;2024-03-06;Corte de Cabelo;;70;0
C121;Eduardo Nascimento;51;2024-03-06;Corte de Cabelo;;70;0
C107;Dr. Gabriel Souza;53;2024-03-06;Combo 2;;100;0
C193;Diego Campos;4;2024-03-06;Combo 1;Balm;110;49
C081;Pedro Henrique da Cruz;30;2024-03-06;Corte de Cabelo;;70;0
C164;Nathan Cardoso;74;2024-03-06;Limpeza de pele;;45;0
C241;Bruno Souza;25;2024-03-06;Depilação de orelha;;35;0
C239;Danilo Pinto;19;2024-03-06;Barba Modelada;;55;0
C049;Emanuel Oliveira;12;2024-03-07;Corte a Maquina;;55;0
C011;Dr. Pedro Henrique Carvalho;56;2024-03-07;Sobrancelha;;35;0
C018;Benício das Neves;79;2024-03-07;Limpeza de pele;Balm;45;49
C246;Sr. Cauê da Costa;58;2024-03-07;Corte de Cabelo;;70;0
C040;Vinicius Nunes;47;2024-03-07;Depilação de nariz;;35;0
C164;Nathan Cardoso;74;2024-03-07;Barba Modelada;Balm;55;49
C075;Thiago da Rosa;33;2024-03-07;Sobrancelha;;35;0
C166;Sr. João Vitor Vieira;12;2024-03-07;Corte a Maquina;Shampoo de barba;55;49
C092;Marcos Vinicius Nogueira;42;2024-03-07;Combo 2;Balm;100;49
C220;Lorenzo Alves;26;2024-03-07;Barba Modelada;;55;0
C172;Dr. Luiz Henrique Azevedo;62;2024-03-07;Combo 1;Pomada de cabelo;110;89
C159;João Ribeiro;48;2024-03-07;Corte de Cabelo;;70;0
C116;Lucca Moraes;21;2024-03-07;Sobrancelha;;35;0
C002;Raul da Rocha;5;2024-03-07;Corte a Maquina;Shampoo de barba;55;49
C195;Dr. João Felipe Lopes;72;2024-03-07;Corte de Cabelo;;70;0
C139;Luiz Felipe Pinto;35;2024-03-07;Corte a Maquina;;55;0
C054;Joaquim Caldeira;26;2024-03-07;Combo 2;;100;0
C241;Bruno Souza;25;2024-03-08;Corte a Maquina;;55;0
C153;Yuri Cardoso;2;2024-03-08;Combo 1;;110;0
C104;Lucas Gabriel Gomes;76;2024-03-08;Corte de Cabelo;;70;0
C216;Thales Almeida;62;2024-03-08;Combo 1;;110;0
C079;João Guilherme Dias;36;2024-03-08;Combo 1;;110;0
C150;Pedro Henrique Pereira;22;2024-03-08;Barba Modelada;;55;0
C117;Henrique Barros;22;2024-03-08;Depilação de orelha;;35;0
C207;Pietro Caldeira;67;2024-03-08;Barba Modelada;;55;0
C209;Lorenzo Martins;37;2024-03-08;Corte de Cabelo;;70;0
C111;Antônio Alves;67;2024-03-08;Sobrancelha;;35;0
C242;Davi Novaes;37;2024-03-08;Corte de Cabelo;;70;0
C207;Pietro Caldeira;67;2024-03-08;Combo 2;;100;0
C177;Thiago Melo;79;2024-03-08;Barba Modelada;;55;0
C226;Pedro Henrique Jesus;54;2024-03-08;Combo 1;;110;0
C071;Rafael Mendes;11;2024-03-08;Corte de Cabelo;;70;0
C144;Enrico Moura;40;2024-03-08;Depilação de nariz;;35;0
C150;Pedro Henrique Pereira;22;2024-03-08;Depilação de nariz;;35;0
C164;Nathan Cardoso;74;2024-03-09;Combo 1;Pomada de cabelo;110;89
C169;Alexandre Gomes;70;2024-03-09;Acabamento;;28;0
C043;Dr. Kaique Campos;35;2024-03-09;Barba Modelada;;55;0
C077;Igor Pereira;61;2024-03-09;Depilação de nariz;;35;0
C050;Pedro Henrique Fogaça;72;2024-03-09;Corte de Cabelo;Pomada de cabelo;70;89
C131;Enzo Gabriel Porto;36;2024-03-09;Barba Modelada;Pomada de cabelo;55;89
C243;Diogo Ribeiro;61;2024-03-09;Depilação de nariz;Pomada de cabelo;35;89
C067;João Felipe Monteiro;49;2024-03-09;Corte de Cabelo;;70;0
C084;Nicolas Oliveira;31;2024-03-09;Corte de Cabelo;;70;0
C039;Paulo Cardoso;14;2024-03-09;Corte a Maquina;Shampoo de barba;55;49
C137;Danilo Viana;60;2024-03-10;Combo 2;;100;0
C051;Lorenzo Fernandes;39;2024-03-10;Corte a Maquina;;55;0
C220;Lorenzo Alves;26;2024-03-10;Corte de Cabelo;;70;0
C060;Marcos Vinicius Lopes;31;2024-03-10;Corte de Cabelo;;70;0
C087;Augusto Nunes;53;2024-03-10;Corte a Maquina;Pomada de cabelo;55;89
C161;Luiz Miguel Sales;32;2024-03-10;Barba Modelada;Shampoo de barba;55;49
C197;Dr. Lucca Porto;77;2024-03-10;Combo 1;;110;0
C117;Henrique Barros;22;2024-03-10;Corte de Cabelo;Balm;70;49
C215;Dr. Luiz Gustavo da Luz;75;2024-03-11;Combo 1;Pomada de cabelo;110;89
C073;Sr. Diogo da Luz;23;2024-03-11;Sobrancelha;Pomada de cabelo;35;89
C199;Luiz Felipe Moraes;2;2024-03-11;Corte de Cabelo;;70;0
C193;Diego Campos;4;2024-03-11;Combo 1;;110;0
C244;Sr. Benjamin Moura;33;2024-03-11;Corte de Cabelo;Balm;70;49
C088;Sr. Bruno Rocha;36;2024-03-11;Barba Modelada;Pomada de cabelo;55;89
C094;Felipe Barros;65;2024-03-11;Corte de Cabelo;;70;0
C182;Sr. Alexandre Azevedo;41;2024-03-11;Depilação de orelha;;35;0
C071;Rafael Mendes;11;2024-03-11;Combo 1;;110;0
C072;João Lucas Cunha;79;2024-03-12;Corte de Cabelo;;70;0
C164;Nathan Cardoso;74;2024-03-12;Corte de Cabelo;;70;0
C085;João Lucas Azevedo;6;2024-03-12;Combo 1;;110;0
C171;Erick Ferreira;18;2024-03-12;Combo 1;Shampoo de barba;110;49
C096;Enzo Moreira;60;2024-03-12;Corte de Cabelo;;70;0
C212;Breno da Costa;71;2024-03-12;Limpeza de pele;Pomada de cabelo;45;89
C140;Cauã Freitas;66;2024-03-12;Depilação de nariz;;35;0
C132;João Vitor Azevedo;45;2024-03-12;Combo 1;Pomada de cabelo;110;89
C108;Dr. Luiz Fernando Porto;48;2024-03-13;Combo 1;Balm;110;49
C132;João Vitor Azevedo;45;2024-03-13;Barba Modelada;;55;0
C224;Noah Nascimento;47;2024-03-13;Depilação de orelha;;35;0
C117;Henrique Barros;22;2024-03-13;Corte de Cabelo;;70;0
C138;Cauã Teixeira;2;2024-03-13;Combo 1;Balm;110;49
C082;Yuri Teixeira;43;2024-03-13;Combo 2;;100;0
C140;Cauã Freitas;66;2024-03-13;Combo 1;Balm;110;49
C124;Dr. Gustavo Henrique Rodrigues;61;2024-03-13;Corte de Cabelo;;70;0
C184;Sr. Alexandre Silva;49;2024-03-13;Combo 1;;110;0
C144;Enrico Moura;40;2024-03-13;Corte de Cabelo;;70;0
C005;Dr. Enrico Ribeiro;30;2024-03-13;Corte de Cabelo;;70;0
C230;Enzo Alves;9;2024-03-13;Corte a Maquina;;55;0
C079;João Guilherme Dias;36;2024-03-13;Corte de Cabelo;;70;0
C235;Augusto Peixoto;26;2024-03-13;Barba Modelada;Shampoo de barba;55;49
C219;Lucca Nogueira;54;2024-03-13;Corte de Cabelo;Shampoo de barba;70;49
C200;Murilo Almeida;11;2024-03-13;Corte a Maquina;;55;0
C167;Marcos Vinicius Ferreira;64;2024-03-13;Limpeza de pele;;45;0
C222;Antônio Carvalho;14;2024-03-13;Corte de Cabelo;;70;0
C052;Pedro Miguel Sales;48;2024-03-14;Corte a Maquina;;55;0
C166;Sr. João Vitor Vieira;12;2024-03-14;Combo 1;Pomada de cabelo;110;89
C164;Nathan Cardoso;74;2024-03-14;Corte de Cabelo;Pomada de cabelo;70;89
C087;Augusto Nunes;53;2024-03-14;Combo 1;;110;0
C176;Lucas Gabriel Costela;69;2024-03-14;Combo 2;;100;0
C109;Luiz Otávio Santos;30;2024-03-14;Depilação de nariz;;35;0
C245;Sr. Joaquim Martins;11;2024-03-14;Corte de Cabelo;;70;0
C197;Dr. Lucca Porto;77;2024-03-14;Corte a Maquina;;55;0
C247;Dr. Danilo Caldeira;72;2024-03-15;Corte de Cabelo;;70;0
C050;Pedro Henrique Fogaça;72;2024-03-15;Corte de Cabelo;;70;0
C122;Nathan Moura;50;2024-03-15;Corte de Cabelo;;70;0
C162;Breno da Paz;9;2024-03-15;Combo 1;;110;0
C008;Dr. Calebe Caldeira;71;2024-03-15;Acabamento;;28;0
C155;Dr. Davi Lucca Aragão;43;2024-03-15;Corte de Cabelo;Balm;70;49
C031;Emanuel Farias;45;2024-03-15;Corte a Maquina;;55;0
C018;Benício das Neves;79;2024-03-15;Hidratação;Pomada de cabelo;70;89
C009;Matheus da Cunha;13;2024-03-15;Corte de Cabelo;;70;0
C190;Luiz Felipe Carvalho;30;2024-03-15;Combo 1;;110;0
C198;Dr. Luiz Miguel Vieira;30;2024-03-15;Depilação de nariz;;35;0
C020;Sr. Calebe Peixoto;73;2024-03-15;Corte de Cabelo;;70;0
C119;Erick Caldeira;78;2024-03-15;Corte de Cabelo;;70;0
C118;Ryan Cavalcanti;56;2024-03-15;Depilação de orelha;;35;0
C198;Dr. Luiz Miguel Vieira;30;2024-03-16;Limpeza de pele;;45;0
C132;João Vitor Azevedo;45;2024-03-16;Sobrancelha;Pomada de cabelo;35;89
C131;Enzo Gabriel Porto;36;2024-03-16;Corte de Cabelo;;70;0
C091;Marcos Vinicius Castro;74;2024-03-16;Combo 2;;100;0
C183;Sr. Enrico das Neves;53;2024-03-16;Combo 2;;100;0
C030;Lorenzo Santos;56;2024-03-16;Combo 1;;110;0
C122;Nathan Moura;50;2024-03-16;Combo 2;;100;0
C152;Heitor Vieira;69;2024-03-16;Limpeza de pele;;45;0
C156;João Felipe das Neves;64;2024-03-16;Combo 1;;110;0
C010;Benjamin Fernandes;77;2024-03-16;Corte de Cabelo;;70;0
C004;Sr. Davi Luiz Gomes;33;2024-03-16;Limpeza de pele;Balm;45;49
C026;João Felipe Cavalcanti;77;2024-03-17;Corte a Maquina;Pomada de cabelo;55;89
C133;Kevin Silva;16;2024-03-17;Corte de Cabelo;Balm;70;49
C077;Igor Pereira;61;2024-03-17;Hidratação;Pomada de cabelo;70;89
C142;Enzo da Mota;66;2024-03-17;Combo 1;Shampoo de barba;110;49
C103;João Vitor Martins;35;2024-03-17;Corte de Cabelo;;70;0
C093;Calebe Dias;29;2024-03-17;Combo 1;;110;0
C019;Calebe Gomes;5;2024-03-17;Combo 1;Balm;110;49
C073;Sr. Diogo da Luz;23;2024-03-17;Combo 1;;110;0
C008;Dr. Calebe Caldeira;71;2024-03-17;Depilação de nariz;;35;0
C069;Pedro Henrique Pires;28;2024-03-17;Limpeza de pele;;45;0
C151;Cauê Oliveira;71;2024-03-17;Corte de Cabelo;Balm;70;49
C187;Ian Moraes;59;2024-03-18;Hidratação;;70;0
C003;Dr. Daniel Vieira;37;2024-03-18;Limpeza de pele;Pomada de cabelo;45;89
C039;Paulo Cardoso;14;2024-03-18;Combo 1;;110;0
C191;Enrico Peixoto;10;2024-03-18;Combo 1;;110;0
C065;Vinicius Aragão;48;2024-03-18;Corte de Cabelo;Shampoo de barba;70;49
C044;Francisco da Cruz;7;2024-03-19;Corte de Cabelo;;70;0
C097;Nicolas Gomes;20;2024-03-19;Barba Modelada;;55;0
C082;Yuri Teixeira;43;2024-03-19;Corte a Maquina;;55;0
C247;Dr. Danilo Caldeira;72;2024-03-19;Limpeza de pele;;45;0
C097;Nicolas Gomes;20;2024-03-19;Corte de Cabelo;;70;0
C156;João Felipe das Neves;64;2024-03-19;Corte de Cabelo;;70;0
C024;Breno das Neves;30;2024-03-19;Barba Modelada;Shampoo de barba;55;49
C180;Bryan Azevedo;71;2024-03-19;Combo 2;;100;0
C070;Davi Luiz Fogaça;36;2024-03-19;Limpeza de pele;;45;0
C028;Davi Lucas da Costa;2;2024-03-19;Corte de Cabelo;Shampoo de barba;70;49
C038;Sr. João Miguel Alves;50;2024-03-19;Corte de Cabelo;;70;0
C222;Antônio Carvalho;14;2024-03-19;Combo 1;;110;0
C018;Benício das Neves;79;2024-03-19;Limpeza de pele;;45;0
C216;Thales Almeida;62;2024-03-19;Depilação de orelha;;35;0
C209;Lorenzo Martins;37;2024-03-19;Combo 1;Balm;110;49
C199;Luiz Felipe Moraes;2;2024-03-19;Corte de Cabelo;;70;0
C076;Marcelo Mendes;22;2024-03-20;Corte de Cabelo;;70;0
C067;João Felipe Monteiro;49;2024-03-20;Limpeza de pele;;45;0
C018;Benício das Neves;79;2024-03-20;Barba Modelada;;55;0
C043;Dr. Kaique Campos;35;2024-03-20;Depilação de orelha;Shampoo de barba;35;49
C210;João Miguel da Paz;64;2024-03-20;Combo 1;Shampoo de barba;110;49
C074;Lucas Gabriel Azevedo;70;2024-03-20;Hidratação;;70;0
C144;Enrico Moura;40;2024-03-20;Barba Modelada;;55;0
C218;Sr. Emanuel da Mata;62;2024-03-20;Depilação de nariz;;35;0
C011;Dr. Pedro Henrique Carvalho;56;2024-03-20;Corte a Maquina;Shampoo de barba;55;49
C210;João Miguel da Paz;64;2024-03-20;Depilação de orelha;;35;0
C076;Marcelo Mendes;22;2024-03-20;Corte de Cabelo;;70;0
C059;Sr. Caio Teixeira;12;2024-03-20;Corte de Cabelo;;70;0
C169;Alexandre Gomes;70;2024-03-20;Hidratação;;70;0
C167;Marcos Vinicius Ferreira;64;2024-03-20;Combo 1;Balm;110;49
C067;João Felipe Monteiro;49;2024-03-20;Combo 1;;110;0
C026;João Felipe Cavalcanti;77;2024-03-20;Depilação de nariz;;35;0
C199;Luiz Felipe Moraes;2;2024-03-20;Corte de Cabelo;Balm;70;49
C020;Sr. Calebe Peixoto;73;2024-03-20;Hidratação;;70;0
C246;Sr. Cauê da Costa;58;2024-03-20;Corte a Maquina;;55;0
C107;Dr. Gabriel Souza;53;2024-03-20;Corte de Cabelo;Shampoo de barba;70;49
C044;Francisco da Cruz;7;2024-03-20;Corte de Cabelo;Pomada de cabelo;70;89
C082;Yuri Teixeira;43;2024-03-20;Combo 1;;110;0
C180;Bryan Azevedo;71;2024-03-21;Combo 1;;110;0
C111;Antônio Alves;67;2024-03-21;Combo 1;;110;0
C100;Marcos Vinicius Novaes;33;2024-03-21;Barba Modelada;;55;0
C100;Marcos Vinicius Novaes;33;2024-03-21;Barba Modelada;;55;0
C222;Antônio Carvalho;14;2024-03-21;Combo 1;;110;0
C210;João Miguel da Paz;64;2024-03-21;Combo 1;;110;0
C226;Pedro Henrique Jesus;54;2024-03-21;Corte de Cabelo;;70;0
C211;Cauê Almeida;29;2024-03-21;Hidratação;Pomada de cabelo;70;89
C199;Luiz Felipe Moraes;2;2024-03-21;Corte de Cabelo;Shampoo de barba;70;49
C068;Thomas Melo;47;2024-03-21;Combo 1;;110;0
C241;Bruno Souza;25;2024-03-21;Barba Modelada;;55;0
C201;Nathan Gonçalves;9;2024-03-21;Combo 1;Shampoo de barba;110;49
C235;Augusto Peixoto;26;2024-03-21;Corte a Maquina;Balm;55;49
C237;Luiz Gustavo Gonçalves;70;2024-03-21;Combo 1;;110;0
C131;Enzo Gabriel Porto;36;2024-03-21;Barba Modelada;Shampoo de barba;55;49
C083;Samuel Azevedo;9;2024-03-21;Corte a Maquina;;55;0
C209;Lorenzo Martins;37;2024-03-21;Combo 1;Pomada de cabelo;110;89
C232;Levi da Mota;45;2024-03-21;Combo 2;Balm;100;49
C077;Igor Pereira;61;2024-03-22;Corte a Maquina;Shampoo de barba;55;49
C093;Calebe Dias;29;2024-03-22;Limpeza de pele;;45;0
C249;Bryan da Mata;8;2024-03-22;Corte de Cabelo;Balm;70;49
C194;Kevin Silva;77;2024-03-22;Corte a Maquina;Shampoo de barba;55;49
C043;Dr. Kaique Campos;35;2024-03-22;Combo 1;;110;0
C062;Lorenzo da Paz;50;2024-03-22;Corte de Cabelo;Balm;70;49
C195;Dr. João Felipe Lopes;72;2024-03-22;Combo 1;;110;0
C148;Sr. Enrico Teixeira;21;2024-03-22;Sobrancelha;;35;0
C098;Dr. Nathan Viana;35;2024-03-22;Limpeza de pele;;45;0
C085;João Lucas Azevedo;6;2024-03-22;Corte a Maquina;;55;0
C068;Thomas Melo;47;2024-03-22;Combo 1;;110;0
C166;Sr. João Vitor Vieira;12;2024-03-22;Corte de Cabelo;;70;0
C227;Davi Luiz da Paz;61;2024-03-22;Depilação de orelha;Balm;35;49
C060;Marcos Vinicius Lopes;31;2024-03-22;Combo 1;;110;0
C115;Bernardo Viana;16;2024-03-22;Corte de Cabelo;Shampoo de barba;70;49
C179;Dr. Vitor Barbosa;29;2024-03-22;Corte a Maquina;;55;0
C059;Sr. Caio Teixeira;12;2024-03-22;Corte de Cabelo;;70;0
C015;Theo Cardoso;29;2024-03-22;Combo 1;;110;0
C024;Breno das Neves;30;2024-03-23;Combo 1;;110;0
C002;Raul da Rocha;5;2024-03-23;Corte de Cabelo;;70;0
C041;Arthur Silveira;46;2024-03-23;Depilação de orelha;Pomada de cabelo;35;89
C024;Breno das Neves;30;2024-03-23;Corte de Cabelo;;70;0
C202;Breno Vieira;31;2024-03-23;Combo 1;;110;0
C193;Diego Campos;4;2024-03-23;Corte a Maquina;;55;0
C237;Luiz Gustavo Gonçalves;70;2024-03-23;Corte a Maquina;;55;0
C149;Enzo Gabriel Rocha;49;2024-03-23;Limpeza de pele;;45;0
C024;Breno das Neves;30;2024-03-23;Depilação de nariz;;35;0
C166;Sr. João Vitor Vieira;12;2024-03-23;Corte a Maquina;;55;0
C024;Breno das Neves;30;2024-03-23;Combo 1;Balm;110;49
C077;Igor Pereira;61;2024-03-24;Limpeza de pele;Balm;45;49
C023;Luiz Gustavo Moreira;55;2024-03-24;Corte de Cabelo;;70;0
C086;Sr. Davi Lucas Vieira;42;2024-03-24;Corte de Cabelo;;70;0
C067;João Felipe Monteiro;49;2024-03-24;Corte de Cabelo;;70;0
C195;Dr. João Felipe Lopes;72;2024-03-24;Limpeza de pele;Shampoo de barba;45;49
C084;Nicolas Oliveira;31;2024-03-24;Combo 1;;110;0
C231;Francisco Vieira;53;2024-03-24;Combo 2;;100;0
C138;Cauã Teixeira;2;2024-03-24;Combo 1;;110;0
C027;Dr. Kaique Farias;37;2024-03-24;Corte de Cabelo;;70;0
C176;Lucas Gabriel Costela;69;2024-03-24;Combo 1;;110;0
C137;Danilo Viana;60;2024-03-24;Sobrancelha;;35;0
C074;Lucas Gabriel Azevedo;70;2024-03-24;Limpeza de pele;;45;0
C126;Davi da Cunha;34;2024-03-24;Corte de Cabelo;Pomada de cabelo;70;89
C019;Calebe Gomes;5;2024-03-24;Corte de Cabelo;;70;0
C198;Dr. Luiz Miguel Vieira;30;2024-03-25;Depilação de nariz;Pomada de cabelo;35;89
C094;Felipe Barros;65;2024-03-25;Corte de Cabelo;;70;0
C009;Matheus da Cunha;13;2024-03-25;Combo 1;;110;0
C238;Dr. Heitor da Costa;59;2024-03-25;Combo 1;Pomada de cabelo;110;89
C238;Dr. Heitor da Costa;59;2024-03-25;Corte de Cabelo;Pomada de cabelo;70;89
C123;Diogo Mendes;78;2024-03-25;Depilação de orelha;;35;0
C150;Pedro Henrique Pereira;22;2024-03-26;Corte de Cabelo;Shampoo de barba;70;49
C067;João Felipe Monteiro;49;2024-03-26;Barba Modelada;;55;0
C092;Marcos Vinicius Nogueira;42;2024-03-26;Combo 1;;110;0
C071;Rafael Mendes;11;2024-03-26;Combo 1;;110;0
C224;Noah Nascimento;47;2024-03-26;Corte de Cabelo;Shampoo de barba;70;49
C101;Rodrigo Ferreira;73;2024-03-26;Corte de Cabelo;;70;0
C110;Diego Moraes;19;2024-03-26;Limpeza de pele;;45;0
C160;Noah Porto;41;2024-03-26;Depilação de nariz;;35;0
C130;Dr. Luigi Ferreira;70;2024-03-26;Depilação de orelha;;35;0
C135;Lucas Costa;57;2024-03-26;Depilação de nariz;;35;0
C247;Dr. Danilo Caldeira;72;2024-03-26;Depilação de orelha;Balm;35;49
C093;Calebe Dias;29;2024-03-27;Corte de Cabelo;Shampoo de barba;70;49
C241;Bruno Souza;25;2024-03-27;Sobrancelha;Pomada de cabelo;35;89
C202;Breno Vieira;31;2024-03-27;Corte de Cabelo;Balm;70;49
C096;Enzo Moreira;60;2024-03-27;Corte de Cabelo;Balm;70;49
C210;João Miguel da Paz;64;2024-03-27;Combo 1;;110;0
C239;Danilo Pinto;19;2024-03-27;Corte de Cabelo;Shampoo de barba;70;49
C150;Pedro Henrique Pereira;22;2024-03-27;Corte a Maquina;;55;0
C121;Eduardo Nascimento;51;2024-03-27;Corte de Cabelo;;70;0
C219;Lucca Nogueira;54;2024-03-28;Corte de Cabelo;Balm;70;49
C150;Pedro Henrique Pereira;22;2024-03-28;Corte de Cabelo;;70;0
C118;Ryan Cavalcanti;56;2024-03-28;Combo 1;;110;0
C187;Ian Moraes;59;2024-03-28;Combo 2;Pomada de cabelo;100;89
C176;Lucas Gabriel Costela;69;2024-03-28;Corte de Cabelo;Shampoo de barba;70;49
C012;Yago Pereira;6;2024-03-28;Corte a Maquina;;55;0
C205;Luiz Felipe Almeida;44;2024-03-28;Combo 1;;110;0
C052;Pedro Miguel Sales;48;2024-03-28;Sobrancelha;;35;0
C034;João Moraes;29;2024-03-28;Depilação de orelha;;35;0
C023;Luiz Gustavo Moreira;55;2024-03-28;Corte de Cabelo;Shampoo de barba;70;49
C034;João Moraes;29;2024-03-28;Acabamento;;28;0
C203;Renan da Mota;10;2024-03-28;Combo 1;;110;0
C183;Sr. Enrico das Neves;53;2024-03-28;Corte de Cabelo;;70;0
C009;Matheus da Cunha;13;2024-03-28;Corte de Cabelo;;70;0
C073;Sr. Diogo da Luz;23;2024-03-28;Combo 1;;110;0
C022;Danilo Fernandes;71;2024-03-28;Combo 2;;100;0
C169;Alexandre Gomes;70;2024-03-28;Combo 1;;110;0
C027;Dr. Kaique Farias;37;2024-03-28;Barba Modelada;;55;0
C154;João Guilherme Ribeiro;78;2024-03-28;Combo 1;;110;0
C231;Francisco Vieira;53;2024-03-28;Barba Modelada;Shampoo de barba;55;49
C224;Noah Nascimento;47;2024-03-28;Corte de Cabelo;;70;0
C150;Pedro Henrique Pereira;22;2024-03-28;Combo 1;Shampoo de barba;110;49
C042;João Vitor Cardoso;79;2024-03-29;Corte de Cabelo;;70;0
C118;Ryan Cavalcanti;56;2024-03-29;Combo 1;;110;0
C247;Dr. Danilo Caldeira;72;2024-03-29;Combo 1;;110;0
C014;Luiz Henrique Caldeira;13;2024-03-29;Combo 1;;110;0
C050;Pedro Henrique Fogaça;72;2024-03-29;Corte de Cabelo;;70;0
C238;Dr. Heitor da Costa;59;2024-03-29;Corte de Cabelo;;70;0
C182;Sr. Alexandre Azevedo;41;2024-03-29;Corte de Cabelo;;70;0
C176;Lucas Gabriel Costela;69;2024-03-29;Combo 1;;110;0
C160;Noah Porto;41;2024-03-29;Barba Modelada;;55;0
C196;Gabriel Peixoto;31;2024-03-29;Corte a Maquina;;55;0
C139;Luiz Felipe Pinto;35;2024-03-29;Barba Modelada;;55;0
C185;Dr. Marcelo Silva;58;2024-03-29;Sobrancelha;;35;0
C016;Levi Pereira;31;2024-03-29;Barba Modelada;;55;0
C211;Cauê Almeida;29;2024-03-29;Limpeza de pele;Balm;45;49
C051;Lorenzo Fernandes;39;2024-03-29;Combo 1;;110;0
C189;Enzo Gomes;33;2024-03-29;Combo 1;;110;0
C211;Cauê Almeida;29;2024-03-29;Corte de Cabelo;;70;0
C188;Dr. Cauê Moraes;17;2024-03-29;Combo 1;Shampoo de barba;110;49
C028;Davi Lucas da Costa;2;2024-03-29;Corte de Cabelo;Balm;70;49
C054;Joaquim Caldeira;26;2024-03-29;Combo 1;Shampoo de barba;110;49
C171;Erick Ferreira;18;2024-03-30;Combo 1;;110;0
C100;Marcos Vinicius Novaes;33;2024-03-30;Barba Modelada;;55;0
C010;Benjamin Fernandes;77;2024-03-30;Barba Modelada;;55;0
C111;Antônio Alves;67;2024-03-30;Corte a Maquina;Balm;55;49
C243;Diogo Ribeiro;61;2024-03-30;Combo 1;Shampoo de barba;110;49
C072;João Lucas Cunha;79;2024-03-30;Depilação de orelha;Pomada de cabelo;35;89
C022;Danilo Fernandes;71;2024-03-30;Corte de Cabelo;Balm;70;49
C028;Davi Lucas da Costa;2;2024-03-30;Corte de Cabelo;;70;0
C131;Enzo Gabriel Porto;36;2024-03-30;Hidratação;;70;0
C160;Noah Porto;41;2024-03-30;Acabamento;;28;0
C208;João Pedro Teixeira;32;2024-03-30;Corte de Cabelo;;70;0
C187;Ian Moraes;59;2024-03-30;Corte de Cabelo;;70;0
C140;Cauã Freitas;66;2024-03-31;Barba Modelada;Shampoo de barba;55;49
C067;João Felipe Monteiro;49;2024-03-31;Combo 1;;110;0
C036;Dr. Davi Lucas Azevedo;15;2024-03-31;Corte de Cabelo;;70;0
C107;Dr. Gabriel Souza;53;2024-03-31;Sobrancelha;;35;0
C187;Ian Moraes;59;2024-03-31;Combo 1;Pomada de cabelo;110;89
C032;Gabriel Teixeira;37;2024-03-31;Combo 2;Balm;100;49
C227;Davi Luiz da Paz;61;2024-03-31;Combo 2;;100;0
C006;Dr. Davi Peixoto;19;2024-03-31;Corte a Maquina;Balm;55;49
C072;João Lucas Cunha;79;2024-03-31;Barba Modelada;Balm;55;49
C235;Augusto Peixoto;26;2024-03-31;Corte de Cabelo;;70;0
C010;Benjamin Fernandes;77;2024-03-31;Corte de Cabelo;;70;0
C014;Luiz Henrique Caldeira;13;2024-03-31;Corte de Cabelo;;70;0
C249;Bryan da Mata;8;2024-04-01;Combo 1;;110;0
C130;Dr. Luigi Ferreira;70;2024-04-01;Barba Modelada;;55;0
C014;Luiz Henrique Caldeira;13;2024-04-01;Corte de Cabelo;;70;0
C134;Heitor Moura;39;2024-04-01;Barba Modelada;Pomada de cabelo;55;89
C021;Breno Nogueira;27;2024-04-01;Combo 1;Balm;110;49
C210;João Miguel da Paz;64;2024-04-01;Combo 2;;100;0
C190;Luiz Felipe Carvalho;30;2024-04-01;Corte de Cabelo;Pomada de cabelo;70;89
C247;Dr. Danilo Caldeira;72;2024-04-01;Corte de Cabelo;;70;0
C209;Lorenzo Martins;37;2024-04-01;Barba Modelada;;55;0
C010;Benjamin Fernandes;77;2024-04-01;Combo 2;Pomada de cabelo;100;89
C135;Lucas Costa;57;2024-04-01;Corte a Maquina;Balm;55;49
C175;Diogo Almeida;35;2024-04-02;Corte de Cabelo;;70;0
C106;Sr. Yago Jesus;76;2024-04-02;Combo 1;;110;0
C108;Dr. Luiz Fernando Porto;48;2024-04-02;Depilação de orelha;Balm;35;49
C170;Dr. Noah Farias;18;2024-04-02;Combo 2;Shampoo de barba;100;49
C029;Pedro Miguel da Cunha;22;2024-04-02;Corte de Cabelo;Shampoo de barba;70;49
C211;Cauê Almeida;29;2024-04-02;Corte de Cabelo;;70;0
C187;Ian Moraes;59;2024-04-02;Barba Modelada;;55;0
C187;Ian Moraes;59;2024-04-02;Corte de Cabelo;Shampoo de barba;70;49
C190;Luiz Felipe Carvalho;30;2024-04-02;Combo 1;;110;0
C217;Thales Ferreira;33;2024-04-02;Limpeza de pele;;45;0
C019;Calebe Gomes;5;2024-04-02;Corte de Cabelo;Pomada de cabelo;70;89
C229;Fernando Castro;14;2024-04-02;Corte de Cabelo;;70;0
C083;Samuel Azevedo;9;2024-04-02;Corte de Cabelo;;70;0
C033;Marcelo Ribeiro;21;2024-04-02;Barba Modelada;Shampoo de barba;55;49
C195;Dr. João Felipe Lopes;72;2024-04-02;Barba Modelada;;55;0
C101;Rodrigo Ferreira;73;2024-04-02;Corte de Cabelo;;70;0
C004;Sr. Davi Luiz Gomes;33;2024-04-02;Depilação de nariz;;35;0
C216;Thales Almeida;62;2024-04-03;Combo 1;;110;0
C020;Sr. Calebe Peixoto;73;2024-04-03;Corte de Cabelo;;70;0
C122;Nathan Moura;50;2024-04-03;Combo 2;;100;0
C179;Dr. Vitor Barbosa;29;2024-04-03;Barba Modelada;;55;0
C084;Nicolas Oliveira;31;2024-04-03;Barba Modelada;Balm;55;49
C059;Sr. Caio Teixeira;12;2024-04-03;Combo 1;;110;0
C169;Alexandre Gomes;70;2024-04-03;Combo 1;Shampoo de barba;110;49
C008;Dr. Calebe Caldeira;71;2024-04-03;Depilação de orelha;;35;0
C243;Diogo Ribeiro;61;2024-04-03;Limpeza de pele;Balm;45;49
C021;Breno Nogueira;27;2024-04-03;Corte de Cabelo;Pomada de cabelo;70;89
C124;Dr. Gustavo Henrique Rodrigues;61;2024-04-03;Combo 2;Shampoo de barba;100;49
C027;Dr. Kaique Farias;37;2024-04-04;Combo 1;Shampoo de barba;110;49
C054;Joaquim Caldeira;26;2024-04-04;Corte de Cabelo;;70;0
C187;Ian Moraes;59;2024-04-04;Barba Modelada;;55;0
C109;Luiz Otávio Santos;30;2024-04-04;Depilação de orelha;;35;0
C190;Luiz Felipe Carvalho;30;2024-04-04;Combo 2;Pomada de cabelo;100;89
C139;Luiz Felipe Pinto;35;2024-04-04;Corte de Cabelo;Pomada de cabelo;70;89
C032;Gabriel Teixeira;37;2024-04-04;Corte a Maquina;Balm;55;49
C086;Sr. Davi Lucas Vieira;42;2024-04-04;Combo 1;Shampoo de barba;110;49
C165;Vitor Novaes;12;2024-04-04;Combo 1;;110;0
C019;Calebe Gomes;5;2024-04-04;Combo 1;;110;0
C088;Sr. Bruno Rocha;36;2024-04-04;Corte de Cabelo;Pomada de cabelo;70;89
C045;Luiz Gustavo Oliveira;60;2024-04-04;Hidratação;;70;0
C120;Gabriel Rodrigues;10;2024-04-05;Corte a Maquina;Balm;55;49
C209;Lorenzo Martins;37;2024-04-05;Corte de Cabelo;;70;0
C099;Lucas Gabriel Almeida;19;2024-04-05;Corte de Cabelo;;70;0
C239;Danilo Pinto;19;2024-04-05;Corte de Cabelo;Pomada de cabelo;70;89
C152;Heitor Vieira;69;2024-04-05;Limpeza de pele;Pomada de cabelo;45;89
C048;Otávio Araújo;50;2024-04-05;Limpeza de pele;Balm;45;49
C023;Luiz Gustavo Moreira;55;2024-04-05;Combo 1;Shampoo de barba;110;49
C002;Raul da Rocha;5;2024-04-05;Combo 1;Balm;110;49
C184;Sr. Alexandre Silva;49;2024-04-05;Corte de Cabelo;;70;0
C109;Luiz Otávio Santos;30;2024-04-05;Sobrancelha;;35;0
C161;Luiz Miguel Sales;32;2024-04-05;Corte de Cabelo;;70;0
C142;Enzo da Mota;66;2024-04-05;Corte de Cabelo;;70;0
C072;João Lucas Cunha;79;2024-04-05;Combo 1;;110;0
C087;Augusto Nunes;53;2024-04-05;Corte a Maquina;;55;0
C211;Cauê Almeida;29;2024-04-05;Acabamento;Pomada de cabelo;28;89
C102;Kevin Moraes;70;2024-04-05;Corte de Cabelo;;70;0
C113;Luiz Gustavo Rocha;13;2024-04-05;Corte a Maquina;;55;0
C063;Marcos Vinicius da Mata;37;2024-04-05;Corte de Cabelo;;70;0
C016;Levi Pereira;31;2024-04-05;Corte de Cabelo;;70;0
C200;Murilo Almeida;11;2024-04-06;Corte de Cabelo;;70;0
C099;Lucas Gabriel Almeida;19;2024-04-06;Corte a Maquina;;55;0
C028;Davi Lucas da Costa;2;2024-04-06;Corte de Cabelo;;70;0
C042;João Vitor Cardoso;79;2024-04-06;Combo 1;;110;0
C029;Pedro Miguel da Cunha;22;2024-04-06;Sobrancelha;Shampoo de barba;35;49
C207;Pietro Caldeira;67;2024-04-06;Combo 1;;110;0
C239;Danilo Pinto;19;2024-04-06;Combo 1;;110;0
C239;Danilo Pinto;19;2024-04-06;Corte de Cabelo;;70;0
C185;Dr. Marcelo Silva;58;2024-04-06;Combo 1;Pomada de cabelo;110;89
C164;Nathan Cardoso;74;2024-04-07;Barba Modelada;;55;0
C208;João Pedro Teixeira;32;2024-04-07;Barba Modelada;;55;0
C079;João Guilherme Dias;36;2024-04-07;Combo 1;;110;0
C247;Dr. Danilo Caldeira;72;2024-04-07;Acabamento;;28;0
C196;Gabriel Peixoto;31;2024-04-07;Combo 1;;110;0
C077;Igor Pereira;61;2024-04-07;Depilação de orelha;Pomada de cabelo;35;89
C074;Lucas Gabriel Azevedo;70;2024-04-07;Corte de Cabelo;;70;0
C127;Luiz Otávio da Rocha;72;2024-04-07;Corte de Cabelo;;70;0
C223;Samuel Souza;57;2024-04-08;Acabamento;;28;0
C173;Lucca da Paz;72;2024-04-08;Combo 2;;100;0
C107;Dr. Gabriel Souza;53;2024-04-08;Depilação de nariz;;35;0
C005;Dr. Enrico Ribeiro;30;2024-04-08;Acabamento;Pomada de cabelo;28;89
C209;Lorenzo Martins;37;2024-04-08;Sobrancelha;;35;0
C173;Lucca da Paz;72;2024-04-08;Corte de Cabelo;;70;0
C124;Dr. Gustavo Henrique Rodrigues;61;2024-04-08;Hidratação;Shampoo de barba;70;49
C216;Thales Almeida;62;2024-04-08;Corte de Cabelo;;70;0
C002;Raul da Rocha;5;2024-04-08;Corte a Maquina;;55;0
C022;Danilo Fernandes;71;2024-04-09;Corte de Cabelo;;70;0
C126;Davi da Cunha;34;2024-04-09;Barba Modelada;Shampoo de barba;55;49
C134;Heitor Moura;39;2024-04-09;Combo 1;Shampoo de barba;110;49
C136;Dr. Levi Cunha;22;2024-04-09;Corte de Cabelo;;70;0
C074;Lucas Gabriel Azevedo;70;2024-04-09;Corte de Cabelo;;70;0
C043;Dr. Kaique Campos;35;2024-04-09;Corte de Cabelo;;70;0
C243;Diogo Ribeiro;61;2024-04-09;Corte a Maquina;;55;0
C207;Pietro Caldeira;67;2024-04-09;Sobrancelha;Balm;35;49
C035;Cauê Pereira;45;2024-04-09;Corte de Cabelo;;70;0
C242;Davi Novaes;37;2024-04-09;Corte de Cabelo;;70;0
C063;Marcos Vinicius da Mata;37;2024-04-09;Combo 1;;110;0
C111;Antônio Alves;67;2024-04-09;Barba Modelada;;55;0
C181;Dr. Enzo Gabriel Pinto;27;2024-04-09;Corte a Maquina;Shampoo de barba;55;49
C187;Ian Moraes;59;2024-04-09;Corte de Cabelo;;70;0
C184;Sr. Alexandre Silva;49;2024-04-09;Corte de Cabelo;Shampoo de barba;70;49
C237;Luiz Gustavo Gonçalves;70;2024-04-10;Depilação de orelha;Balm;35;49
C150;Pedro Henrique Pereira;22;2024-04-10;Combo 1;Balm;110;49
C233;Sr. Thomas Silva;15;2024-04-10;Combo 1;Balm;110;49
C117;Henrique Barros;22;2024-04-10;Acabamento;Pomada de cabelo;28;89
C234;Joaquim Fernandes;33;2024-04-10;Barba Modelada;;55;0
C019;Calebe Gomes;5;2024-04-10;Combo 1;Balm;110;49
C107;Dr. Gabriel Souza;53;2024-04-10;Combo 2;;100;0
C013;Ryan Porto;5;2024-04-10;Corte de Cabelo;Pomada de cabelo;70;89
C123;Diogo Mendes;78;2024-04-10;Corte de Cabelo;;70;0
C084;Nicolas Oliveira;31;2024-04-10;Corte a Maquina;;55;0
C142;Enzo da Mota;66;2024-04-10;Corte a Maquina;;55;0
C105;João Vitor Cunha;56;2024-04-10;Combo 1;;110;0
C105;João Vitor Cunha;56;2024-04-11;Combo 1;Shampoo de barba;110;49
C112;Dr. Erick Ferreira;65;2024-04-11;Corte a Maquina;;55;0
C207;Pietro Caldeira;67;2024-04-11;Corte a Maquina;;55;0
C092;Marcos Vinicius Nogueira;42;2024-04-11;Depilação de orelha;Shampoo de barba;35;49
C086;Sr. Davi Lucas Vieira;42;2024-04-11;Barba Modelada;Shampoo de barba;55;49
C041;Arthur Silveira;46;2024-04-11;Combo 2;Pomada de cabelo;100;89
C105;João Vitor Cunha;56;2024-04-11;Combo 2;;100;0
C169;Alexandre Gomes;70;2024-04-11;Combo 1;;110;0
C068;Thomas Melo;47;2024-04-11;Barba Modelada;;55;0
C119;Erick Caldeira;78;2024-04-11;Barba Modelada;;55;0
C240;Benjamin Lima;56;2024-04-11;Corte de Cabelo;;70;0
C156;João Felipe das Neves;64;2024-04-11;Combo 1;;110;0
C238;Dr. Heitor da Costa;59;2024-04-11;Acabamento;;28;0
C079;João Guilherme Dias;36;2024-04-11;Combo 1;Balm;110;49
C154;João Guilherme Ribeiro;78;2024-04-11;Corte de Cabelo;;70;0
C083;Samuel Azevedo;9;2024-04-11;Corte de Cabelo;;70;0
C208;João Pedro Teixeira;32;2024-04-11;Barba Modelada;;55;0
C230;Enzo Alves;9;2024-04-12;Combo 1;;110;0
C210;João Miguel da Paz;64;2024-04-12;Limpeza de pele;Shampoo de barba;45;49
C110;Diego Moraes;19;2024-04-12;Combo 1;;110;0
C239;Danilo Pinto;19;2024-04-12;Combo 1;Balm;110;49
C161;Luiz Miguel Sales;32;2024-04-12;Combo 1;Shampoo de barba;110;49
C010;Benjamin Fernandes;77;2024-04-12;Sobrancelha;;35;0
C155;Dr. Davi Lucca Aragão;43;2024-04-12;Acabamento;;28;0
C152;Heitor Vieira;69;2024-04-12;Corte de Cabelo;;70;0
C224;Noah Nascimento;47;2024-04-12;Barba Modelada;Pomada de cabelo;55;89
C120;Gabriel Rodrigues;10;2024-04-12;Combo 1;Shampoo de barba;110;49
C155;Dr. Davi Lucca Aragão;43;2024-04-12;Corte de Cabelo;;70;0
C165;Vitor Novaes;12;2024-04-12;Corte de Cabelo;;70;0
C022;Danilo Fernandes;71;2024-04-12;Corte de Cabelo;;70;0
C029;Pedro Miguel da Cunha;22;2024-04-12;Limpeza de pele;;45;0
C038;Sr. João Miguel Alves;50;2024-04-13;Corte de Cabelo;;70;0
C179;Dr. Vitor Barbosa;29;2024-04-13;Combo 1;Balm;110;49
C176;Lucas Gabriel Costela;69;2024-04-13;Depilação de orelha;;35;0
C128;Gustavo Henrique Cardoso;3;2024-04-13;Combo 1;Balm;110;49
C010;Benjamin Fernandes;77;2024-04-13;Combo 1;;110;0
C099;Lucas Gabriel Almeida;19;2024-04-13;Corte a Maquina;;55;0
C097;Nicolas Gomes;20;2024-04-13;Barba Modelada;Shampoo de barba;55;49
C104;Lucas Gabriel Gomes;76;2024-04-13;Corte de Cabelo;;70;0
C036;Dr. Davi Lucas Azevedo;15;2024-04-13;Corte de Cabelo;;70;0
C246;Sr. Cauê da Costa;58;2024-04-13;Corte a Maquina;;55;0
C118;Ryan Cavalcanti;56;2024-04-13;Combo 2;;100;0
C087;Augusto Nunes;53;2024-04-14;Combo 1;;110;0
C165;Vitor Novaes;12;2024-04-14;Corte de Cabelo;;70;0
C114;João Gabriel da Mota;8;2024-04-14;Corte de Cabelo;;70;0
C086;Sr. Davi Lucas Vieira;42;2024-04-14;Corte a Maquina;;55;0
C202;Breno Vieira;31;2024-04-14;Limpeza de pele;;45;0
C079;João Guilherme Dias;36;2024-04-14;Corte de Cabelo;;70;0
C131;Enzo Gabriel Porto;36;2024-04-14;Combo 1;Balm;110;49
C100;Marcos Vinicius Novaes;33;2024-04-14;Corte de Cabelo;;70;0
C060;Marcos Vinicius Lopes;31;2024-04-14;Limpeza de pele;;45;0
C228;Benjamin Carvalho;8;2024-04-14;Corte de Cabelo;;70;0
C250;Pedro Lucas Martins;71;2024-04-14;Sobrancelha;;35;0
C129;Eduardo Nunes;16;2024-04-15;Corte de Cabelo;;70;0
C233;Sr. Thomas Silva;15;2024-04-15;Combo 1;Balm;110;49
C125;Dr. Daniel Cardoso;69;2024-04-15;Combo 2;;100;0
C203;Renan da Mota;10;2024-04-15;Combo 1;;110;0
C023;Luiz Gustavo Moreira;55;2024-04-15;Corte a Maquina;;55;0
C203;Renan da Mota;10;2024-04-15;Corte de Cabelo;;70;0
C069;Pedro Henrique Pires;28;2024-04-15;Combo 1;;110;0
C026;João Felipe Cavalcanti;77;2024-04-15;Combo 2;;100;0
C196;Gabriel Peixoto;31;2024-04-15;Limpeza de pele;;45;0
C077;Igor Pereira;61;2024-04-15;Combo 1;;110;0
C004;Sr. Davi Luiz Gomes;33;2024-04-15;Hidratação;;70;0
C076;Marcelo Mendes;22;2024-04-15;Limpeza de pele;;45;0
C043;Dr. Kaique Campos;35;2024-04-16;Acabamento;;28;0
C224;Noah Nascimento;47;2024-04-16;Barba Modelada;;55;0
C035;Cauê Pereira;45;2024-04-16;Combo 1;;110;0
C004;Sr. Davi Luiz Gomes;33;2024-04-16;Depilação de orelha;;35;0
C135;Lucas Costa;57;2024-04-16;Corte de Cabelo;Pomada de cabelo;70;89
C097;Nicolas Gomes;20;2024-04-16;Combo 2;;100;0
C236;Eduardo Ramos;26;2024-04-16;Corte de Cabelo;;70;0
C003;Dr. Daniel Vieira;37;2024-04-16;Corte a Maquina;;55;0
C055;Sr. Joaquim Cavalcanti;10;2024-04-16;Corte de Cabelo;;70;0
C171;Erick Ferreira;18;2024-04-16;Barba Modelada;;55;0
C060;Marcos Vinicius Lopes;31;2024-04-16;Corte de Cabelo;;70;0
C239;Danilo Pinto;19;2024-04-16;Barba Modelada;;55;0
C161;Luiz Miguel Sales;32;2024-04-17;Corte de Cabelo;;70;0
C010;Benjamin Fernandes;77;2024-04-17;Combo 2;;100;0
C181;Dr. Enzo Gabriel Pinto;27;2024-04-17;Depilação de nariz;;35;0
C241;Bruno Souza;25;2024-04-17;Depilação de nariz;Pomada de cabelo;35;89
C060;Marcos Vinicius Lopes;31;2024-04-17;Hidratação;Balm;70;49
C164;Nathan Cardoso;74;2024-04-17;Combo 1;Shampoo de barba;110;49
C020;Sr. Calebe Peixoto;73;2024-04-17;Corte a Maquina;;55;0
C119;Erick Caldeira;78;2024-04-17;Combo 1;;110;0
C241;Bruno Souza;25;2024-04-17;Barba Modelada;;55;0
C229;Fernando Castro;14;2024-04-17;Combo 1;Balm;110;49
C037;André da Paz;13;2024-04-18;Corte de Cabelo;;70;0
C090;Yuri Fernandes;29;2024-04-18;Combo 1;;110;0
C019;Calebe Gomes;5;2024-04-18;Combo 1;Shampoo de barba;110;49
C041;Arthur Silveira;46;2024-04-18;Combo 1;;110;0
C105;João Vitor Cunha;56;2024-04-18;Combo 1;;110;0
C250;Pedro Lucas Martins;71;2024-04-18;Combo 2;;100;0
C151;Cauê Oliveira;71;2024-04-18;Barba Modelada;Pomada de cabelo;55;89
C208;João Pedro Teixeira;32;2024-04-18;Corte de Cabelo;Balm;70;49
C101;Rodrigo Ferreira;73;2024-04-18;Barba Modelada;Shampoo de barba;55;49
C083;Samuel Azevedo;9;2024-04-18;Corte a Maquina;;55;0
C102;Kevin Moraes;70;2024-04-18;Combo 1;;110;0
C091;Marcos Vinicius Castro;74;2024-04-18;Combo 1;;110;0
C150;Pedro Henrique Pereira;22;2024-04-18;Limpeza de pele;;45;0
C215;Dr. Luiz Gustavo da Luz;75;2024-04-18;Corte de Cabelo;;70;0
C167;Marcos Vinicius Ferreira;64;2024-04-18;Limpeza de pele;;45;0
C225;Sr. João Felipe Pires;56;2024-04-18;Depilação de nariz;;35;0
C210;João Miguel da Paz;64;2024-04-18;Corte de Cabelo;;70;0
C123;Diogo Mendes;78;2024-04-18;Combo 1;;110;0
C168;Bruno Pires;10;2024-04-18;Corte de Cabelo;;70;0
C142;Enzo da Mota;66;2024-04-18;Combo 2;;100;0
C148;Sr. Enrico Teixeira;21;2024-04-18;Combo 1;Balm;110;49
C249;Bryan da Mata;8;2024-04-19;Combo 1;;110;0
C139;Luiz Felipe Pinto;35;2024-04-19;Barba Modelada;;55;0
C133;Kevin Silva;16;2024-04-19;Combo 1;;110;0
C003;Dr. Daniel Vieira;37;2024-04-19;Corte de Cabelo;Pomada de cabelo;70;89
C183;Sr. Enrico das Neves;53;2024-04-19;Combo 1;;110;0
C137;Danilo Viana;60;2024-04-19;Combo 1;Balm;110;49
C163;Thomas Cardoso;32;2024-04-19;Corte de Cabelo;;70;0
C134;Heitor Moura;39;2024-04-19;Corte a Maquina;Shampoo de barba;55;49
C032;Gabriel Teixeira;37;2024-04-19;Combo 1;;110;0
C124;Dr. Gustavo Henrique Rodrigues;61;2024-04-19;Combo 1;;110;0
C037;André da Paz;13;2024-04-19;Combo 1;;110;0
C171;Erick Ferreira;18;2024-04-19;Combo 2;;100;0
C043;Dr. Kaique Campos;35;2024-04-19;Corte de Cabelo;Pomada de cabelo;70;89
C045;Luiz Gustavo Oliveira;60;2024-04-19;Barba Modelada;;55;0
C151;Cauê Oliveira;71;2024-04-19;Combo 1;Shampoo de barba;110;49
C240;Benjamin Lima;56;2024-04-19;Corte de Cabelo;;70;0
C141;Noah Freitas;24;2024-04-19;Corte de Cabelo;;70;0
C081;Pedro Henrique da Cruz;30;2024-04-20;Combo 1;;110;0
C048;Otávio Araújo;50;2024-04-20;Combo 1;;110;0
C034;João Moraes;29;2024-04-20;Corte de Cabelo;;70;0
C150;Pedro Henrique Pereira;22;2024-04-20;Barba Modelada;Shampoo de barba;55;49
C219;Lucca Nogueira;54;2024-04-20;Barba Modelada;;55;0
C038;Sr. João Miguel Alves;50;2024-04-20;Depilação de nariz;;35;0
C136;Dr. Levi Cunha;22;2024-04-20;Combo 2;Balm;100;49
C217;Thales Ferreira;33;2024-04-20;Combo 1;Shampoo de barba;110;49
C052;Pedro Miguel Sales;48;2024-04-20;Corte de Cabelo;Balm;70;49
C243;Diogo Ribeiro;61;2024-04-20;Corte a Maquina;;55;0
C065;Vinicius Aragão;48;2024-04-20;Depilação de orelha;Shampoo de barba;35;49
C001;Carlos Eduardo Silveira;16;2024-04-20;Combo 1;;110;0
C220;Lorenzo Alves;26;2024-04-20;Corte de Cabelo;;70;0
C121;Eduardo Nascimento;51;2024-04-20;Combo 2;;100;0
C167;Marcos Vinicius Ferreira;64;2024-04-20;Barba Modelada;;55;0
C187;Ian Moraes;59;2024-04-21;Corte de Cabelo;;70;0
C116;Lucca Moraes;21;2024-04-21;Depilação de orelha;Balm;35;49
C229;Fernando Castro;14;2024-04-21;Corte de Cabelo;;70;0
C244;Sr. Benjamin Moura;33;2024-04-21;Barba Modelada;Balm;55;49
C051;Lorenzo Fernandes;39;2024-04-21;Corte de Cabelo;;70;0
C031;Emanuel Farias;45;2024-04-21;Combo 1;;110;0
C023;Luiz Gustavo Moreira;55;2024-04-21;Corte de Cabelo;;70;0
C091;Marcos Vinicius Castro;74;2024-04-21;Corte de Cabelo;;70;0
C219;Lucca Nogueira;54;2024-04-21;Limpeza de pele;;45;0
C205;Luiz Felipe Almeida;44;2024-04-21;Corte de Cabelo;Pomada de cabelo;70;89
C147;Miguel Alves;27;2024-04-21;Corte de Cabelo;;70;0
C197;Dr. Lucca Porto;77;2024-04-21;Combo 1;;110;0
C196;Gabriel Peixoto;31;2024-04-21;Barba Modelada;;55;0
C030;Lorenzo Santos;56;2024-04-21;Corte de Cabelo;;70;0
C043;Dr. Kaique Campos;35;2024-04-21;Corte a Maquina;;55;0
C100;Marcos Vinicius Novaes;33;2024-04-21;Barba Modelada;Pomada de cabelo;55;89
C173;Lucca da Paz;72;2024-04-21;Combo 1;Pomada de cabelo;110;89
C074;Lucas Gabriel Azevedo;70;2024-04-21;Depilação de nariz;Shampoo de barba;35;49
C012;Yago Pereira;6;2024-04-22;Combo 1;Pomada de cabelo;110;89
C037;André da Paz;13;2024-04-22;Corte a Maquina;;55;0
C041;Arthur Silveira;46;2024-04-22;Barba Modelada;;55;0
C034;João Moraes;29;2024-04-22;Combo 2;;100;0
C211;Cauê Almeida;29;2024-04-22;Barba Modelada;;55;0
C113;Luiz Gustavo Rocha;13;2024-04-22;Corte de Cabelo;Pomada de cabelo;70;89
C193;Diego Campos;4;2024-04-22;Corte de Cabelo;;70;0
C014;Luiz Henrique Caldeira;13;2024-04-22;Corte de Cabelo;Balm;70;49
C010;Benjamin Fernandes;77;2024-04-22;Corte de Cabelo;;70;0
C246;Sr. Cauê da Costa;58;2024-04-22;Combo 1;;110;0
C241;Bruno Souza;25;2024-04-23;Combo 1;;110;0
C195;Dr. João Felipe Lopes;72;2024-04-23;Combo 1;Balm;110;49
C198;Dr. Luiz Miguel Vieira;30;2024-04-23;Limpeza de pele;;45;0
C079;João Guilherme Dias;36;2024-04-23;Corte de Cabelo;Pomada de cabelo;70;89
C118;Ryan Cavalcanti;56;2024-04-23;Corte de Cabelo;Balm;70;49
C087;Augusto Nunes;53;2024-04-23;Corte a Maquina;Shampoo de barba;55;49
C247;Dr. Danilo Caldeira;72;2024-04-23;Corte a Maquina;Pomada de cabelo;55;89
C060;Marcos Vinicius Lopes;31;2024-04-23;Corte a Maquina;;55;0
C226;Pedro Henrique Jesus;54;2024-04-23;Barba Modelada;Balm;55;49
C206;Sr. Bryan Rezende;11;2024-04-23;Combo 1;;110;0
C142;Enzo da Mota;66;2024-04-23;Barba Modelada;Shampoo de barba;55;49
C229;Fernando Castro;14;2024-04-23;Combo 1;;110;0
C192;Sr. João Lucas Ribeiro;45;2024-04-24;Combo 1;;110;0
C078;Luiz Fernando Costa;50;2024-04-24;Corte de Cabelo;;70;0
C141;Noah Freitas;24;2024-04-24;Hidratação;;70;0
C047;Diogo Lima;17;2024-04-24;Combo 1;;110;0
C156;João Felipe das Neves;64;2024-04-24;Corte a Maquina;Pomada de cabelo;55;89
C029;Pedro Miguel da Cunha;22;2024-04-24;Combo 1;;110;0
C150;Pedro Henrique Pereira;22;2024-04-24;Combo 1;;110;0
C179;Dr. Vitor Barbosa;29;2024-04-24;Corte a Maquina;;55;0
C017;Alexandre das Neves;66;2024-04-24;Corte a Maquina;Shampoo de barba;55;49
C189;Enzo Gomes;33;2024-04-24;Acabamento;;28;0
C106;Sr. Yago Jesus;76;2024-04-24;Combo 1;Shampoo de barba;110;49
C109;Luiz Otávio Santos;30;2024-04-24;Combo 2;;100;0
C132;João Vitor Azevedo;45;2024-04-24;Sobrancelha;Balm;35;49
C100;Marcos Vinicius Novaes;33;2024-04-25;Sobrancelha;;35;0
C173;Lucca da Paz;72;2024-04-25;Combo 2;;100;0
C100;Marcos Vinicius Novaes;33;2024-04-25;Combo 1;;110;0
C236;Eduardo Ramos;26;2024-04-25;Depilação de orelha;Balm;35;49
C014;Luiz Henrique Caldeira;13;2024-04-25;Corte de Cabelo;;70;0
C001;Carlos Eduardo Silveira;16;2024-04-25;Combo 1;Shampoo de barba;110;49
C013;Ryan Porto;5;2024-04-25;Corte de Cabelo;;70;0
C001;Carlos Eduardo Silveira;16;2024-04-25;Corte de Cabelo;;70;0
C112;Dr. Erick Ferreira;65;2024-04-26;Barba Modelada;;55;0
C112;Dr. Erick Ferreira;65;2024-04-26;Corte de Cabelo;;70;0
C114;João Gabriel da Mota;8;2024-04-26;Corte de Cabelo;;70;0
C014;Luiz Henrique Caldeira;13;2024-04-26;Combo 1;Pomada de cabelo;110;89
C102;Kevin Moraes;70;2024-04-26;Combo 1;;110;0
C024;Breno das Neves;30;2024-04-26;Corte de Cabelo;;70;0
C077;Igor Pereira;61;2024-04-26;Barba Modelada;Pomada de cabelo;55;89
C090;Yuri Fernandes;29;2024-04-26;Corte de Cabelo;Shampoo de barba;70;49
C060;Marcos Vinicius Lopes;31;2024-04-26;Combo 1;;110;0
C052;Pedro Miguel Sales;48;2024-04-26;Combo 2;Balm;100;49
C142;Enzo da Mota;66;2024-04-26;Corte de Cabelo;Balm;70;49
C134;Heitor Moura;39;2024-04-26;Corte de Cabelo;;70;0
C185;Dr. Marcelo Silva;58;2024-04-26;Sobrancelha;;35;0
C111;Antônio Alves;67;2024-04-27;Acabamento;Shampoo de barba;28;49
C209;Lorenzo Martins;37;2024-04-27;Combo 1;Shampoo de barba;110;49
C087;Augusto Nunes;53;2024-04-27;Limpeza de pele;;45;0
C196;Gabriel Peixoto;31;2024-04-27;Barba Modelada;;55;0
C123;Diogo Mendes;78;2024-04-27;Hidratação;;70;0
C120;Gabriel Rodrigues;10;2024-04-27;Combo 1;Shampoo de barba;110;49
C205;Luiz Felipe Almeida;44;2024-04-27;Corte de Cabelo;;70;0
C247;Dr. Danilo Caldeira;72;2024-04-27;Corte de Cabelo;;70;0
C217;Thales Ferreira;33;2024-04-27;Barba Modelada;;55;0
C010;Benjamin Fernandes;77;2024-04-28;Corte a Maquina;;55;0
C126;Davi da Cunha;34;2024-04-28;Acabamento;;28;0
C129;Eduardo Nunes;16;2024-04-28;Corte de Cabelo;Pomada de cabelo;70;89
C086;Sr. Davi Lucas Vieira;42;2024-04-28;Combo 1;;110;0
C147;Miguel Alves;27;2024-04-28;Combo 2;;100;0
C077;Igor Pereira;61;2024-04-28;Barba Modelada;;55;0
C039;Paulo Cardoso;14;2024-04-28;Corte a Maquina;Shampoo de barba;55;49
C181;Dr. Enzo Gabriel Pinto;27;2024-04-28;Depilação de nariz;Balm;35;49
C207;Pietro Caldeira;67;2024-04-28;Acabamento;Balm;28;49
C027;Dr. Kaique Farias;37;2024-04-28;Combo 1;;110;0
C073;Sr. Diogo da Luz;23;2024-04-28;Corte de Cabelo;;70;0
C065;Vinicius Aragão;48;2024-04-28;Depilação de orelha;;35;0
C150;Pedro Henrique Pereira;22;2024-04-28;Sobrancelha;;35;0
C007;Enzo Pires;15;2024-04-29;Combo 1;;110;0
C186;Rodrigo Castro;68;2024-04-29;Sobrancelha;Pomada de cabelo;35;89
C087;Augusto Nunes;53;2024-04-29;Acabamento;;28;0
C229;Fernando Castro;14;2024-04-29;Combo 1;;110;0
C170;Dr. Noah Farias;18;2024-04-29;Corte a Maquina;;55;0
C173;Lucca da Paz;72;2024-04-29;Corte de Cabelo;;70;0
C027;Dr. Kaique Farias;37;2024-04-29;Limpeza de pele;;45;0
C151;Cauê Oliveira;71;2024-04-29;Combo 1;;110;0
C151;Cauê Oliveira;71;2024-04-29;Corte a Maquina;;55;0
C186;Rodrigo Castro;68;2024-04-29;Corte de Cabelo;;70;0
C026;João Felipe Cavalcanti;77;2024-04-29;Combo 1;;110;0
C190;Luiz Felipe Carvalho;30;2024-04-29;Depilação de orelha;Shampoo de barba;35;49
C090;Yuri Fernandes;29;2024-04-29;Depilação de nariz;;35;0
C042;João Vitor Cardoso;79;2024-04-29;Combo 1;;110;0
C103;João Vitor Martins;35;2024-04-29;Sobrancelha;;35;0
C196;Gabriel Peixoto;31;2024-04-29;Combo 1;;110;0
C062;Lorenzo da Paz;50;2024-04-30;Combo 2;;100;0
C095;João Lucas Barbosa;52;2024-04-30;Corte a Maquina;;55;0
C197;Dr. Lucca Porto;77;2024-04-30;Corte de Cabelo;;70;0
C156;João Felipe das Neves;64;2024-04-30;Barba Modelada;;55;0
C219;Lucca Nogueira;54;2024-04-30;Corte a Maquina;Balm;55;49
C098;Dr. Nathan Viana;35;2024-04-30;Combo 1;;110;0
C110;Diego Moraes;19;2024-04-30;Limpeza de pele;;45;0
C153;Yuri Cardoso;2;2024-04-30;Corte a Maquina;;55;0
C094;Felipe Barros;65;2024-04-30;Combo 1;;110;0
C144;Enrico Moura;40;2024-04-30;Corte a Maquina;;55;0
C126;Davi da Cunha;34;2024-04-30;Corte a Maquina;Shampoo de barba;55;49
C241;Bruno Souza;25;2024-04-30;Barba Modelada;;55;0
C066;Benício Moreira;22;2024-04-30;Corte de Cabelo;;70;0
C042;João Vitor Cardoso;79;2024-05-01;Combo 1;Pomada de cabelo;110;89
C108;Dr. Luiz Fernando Porto;48;2024-05-01;Acabamento;Balm;28;49
C210;João Miguel da Paz;64;2024-05-01;Acabamento;Shampoo de barba;28;49
C008;Dr. Calebe Caldeira;71;2024-05-01;Combo 1;Balm;110;49
C112;Dr. Erick Ferreira;65;2024-05-01;Corte de Cabelo;Shampoo de barba;70;49
C004;Sr. Davi Luiz Gomes;33;2024-05-01;Corte a Maquina;;55;0
C223;Samuel Souza;57;2024-05-01;Corte de Cabelo;Shampoo de barba;70;49
C067;João Felipe Monteiro;49;2024-05-01;Acabamento;Pomada de cabelo;28;89
C151;Cauê Oliveira;71;2024-05-01;Barba Modelada;Pomada de cabelo;55;89
C089;Sr. Alexandre Cavalcanti;10;2024-05-01;Corte de Cabelo;;70;0
C223;Samuel Souza;57;2024-05-02;Corte de Cabelo;;70;0
C240;Benjamin Lima;56;2024-05-02;Corte de Cabelo;Pomada de cabelo;70;89
C042;João Vitor Cardoso;79;2024-05-02;Corte a Maquina;;55;0
C210;João Miguel da Paz;64;2024-05-02;Corte de Cabelo;Pomada de cabelo;70;89
C110;Diego Moraes;19;2024-05-02;Sobrancelha;;35;0
C075;Thiago da Rosa;33;2024-05-02;Corte de Cabelo;;70;0
C233;Sr. Thomas Silva;15;2024-05-02;Combo 1;;110;0
C096;Enzo Moreira;60;2024-05-02;Corte de Cabelo;;70;0
C146;Sr. Davi Luiz Cardoso;79;2024-05-02;Limpeza de pele;Pomada de cabelo;45;89
C146;Sr. Davi Luiz Cardoso;79;2024-05-02;Hidratação;Balm;70;49
C015;Theo Cardoso;29;2024-05-02;Barba Modelada;;55;0
C236;Eduardo Ramos;26;2024-05-02;Limpeza de pele;;45;0
C117;Henrique Barros;22;2024-05-02;Combo 1;;110;0
C039;Paulo Cardoso;14;2024-05-02;Corte de Cabelo;;70;0
C054;Joaquim Caldeira;26;2024-05-02;Depilação de nariz;;35;0
C228;Benjamin Carvalho;8;2024-05-03;Corte de Cabelo;;70;0
C153;Yuri Cardoso;2;2024-05-03;Combo 1;;110;0
C103;João Vitor Martins;35;2024-05-03;Combo 1;;110;0
C214;Gustavo Barbosa;75;2024-05-03;Corte de Cabelo;;70;0
C147;Miguel Alves;27;2024-05-03;Combo 1;;110;0
C001;Carlos Eduardo Silveira;16;2024-05-03;Combo 1;;110;0
C106;Sr. Yago Jesus;76;2024-05-03;Combo 2;;100;0
C202;Breno Vieira;31;2024-05-03;Combo 2;;100;0
C012;Yago Pereira;6;2024-05-03;Corte a Maquina;;55;0
C174;Leonardo Novaes;23;2024-05-03;Corte de Cabelo;;70;0
C135;Lucas Costa;57;2024-05-03;Combo 2;Balm;100;49
C192;Sr. João Lucas Ribeiro;45;2024-05-03;Corte a Maquina;;55;0
C174;Leonardo Novaes;23;2024-05-03;Corte a Maquina;;55;0
C128;Gustavo Henrique Cardoso;3;2024-05-03;Corte de Cabelo;;70;0
C026;João Felipe Cavalcanti;77;2024-05-04;Corte de Cabelo;;70;0
C008;Dr. Calebe Caldeira;71;2024-05-04;Hidratação;;70;0
C038;Sr. João Miguel Alves;50;2024-05-04;Combo 1;;110;0
C043;Dr. Kaique Campos;35;2024-05-04;Corte de Cabelo;;70;0
C234;Joaquim Fernandes;33;2024-05-04;Barba Modelada;;55;0
C189;Enzo Gomes;33;2024-05-04;Corte de Cabelo;;70;0
C115;Bernardo Viana;16;2024-05-04;Corte de Cabelo;Balm;70;49
C111;Antônio Alves;67;2024-05-04;Corte de Cabelo;;70;0
C239;Danilo Pinto;19;2024-05-04;Combo 2;;100;0
C240;Benjamin Lima;56;2024-05-04;Limpeza de pele;;45;0
C135;Lucas Costa;57;2024-05-04;Corte a Maquina;;55;0
C071;Rafael Mendes;11;2024-05-04;Combo 1;Pomada de cabelo;110;89
C091;Marcos Vinicius Castro;74;2024-05-04;Depilação de orelha;;35;0
C023;Luiz Gustavo Moreira;55;2024-05-04;Barba Modelada;;55;0
C240;Benjamin Lima;56;2024-05-04;Corte de Cabelo;;70;0
C126;Davi da Cunha;34;2024-05-04;Hidratação;Balm;70;49
C017;Alexandre das Neves;66;2024-05-05;Limpeza de pele;;45;0
C236;Eduardo Ramos;26;2024-05-05;Corte de Cabelo;Balm;70;49
C134;Heitor Moura;39;2024-05-05;Depilação de orelha;Pomada de cabelo;35;89
C080;Anthony Souza;73;2024-05-05;Corte de Cabelo;;70;0
C049;Emanuel Oliveira;12;2024-05-05;Combo 1;;110;0
C156;João Felipe das Neves;64;2024-05-05;Combo 1;;110;0
C041;Arthur Silveira;46;2024-05-05;Depilação de nariz;;35;0
C020;Sr. Calebe Peixoto;73;2024-05-05;Combo 1;;110;0
C170;Dr. Noah Farias;18;2024-05-05;Combo 1;;110;0
C192;Sr. João Lucas Ribeiro;45;2024-05-05;Combo 1;;110;0
C047;Diogo Lima;17;2024-05-05;Combo 1;;110;0
C004;Sr. Davi Luiz Gomes;33;2024-05-05;Combo 2;Pomada de cabelo;100;89
C001;Carlos Eduardo Silveira;16;2024-05-05;Combo 1;;110;0
C161;Luiz Miguel Sales;32;2024-05-05;Combo 1;;110;0
C124;Dr. Gustavo Henrique Rodrigues;61;2024-05-05;Corte de Cabelo;;70;0
C078;Luiz Fernando Costa;50;2024-05-05;Corte a Maquina;Shampoo de barba;55;49
C183;Sr. Enrico das Neves;53;2024-05-05;Corte de Cabelo;;70;0
C146;Sr. Davi Luiz Cardoso;79;2024-05-06;Depilação de nariz;;35;0
C140;Cauã Freitas;66;2024-05-06;Corte de Cabelo;Balm;70;49
C221;João Felipe Almeida;14;2024-05-06;Combo 1;Pomada de cabelo;110;89
C076;Marcelo Mendes;22;2024-05-06;Corte de Cabelo;;70;0
C138;Cauã Teixeira;2;2024-05-06;Corte de Cabelo;;70;0
C063;Marcos Vinicius da Mata;37;2024-05-06;Combo 2;;100;0
C244;Sr. Benjamin Moura;33;2024-05-06;Sobrancelha;;35;0
C084;Nicolas Oliveira;31;2024-05-06;Combo 2;Balm;100;49
C181;Dr. Enzo Gabriel Pinto;27;2024-05-06;Sobrancelha;;35;0
C196;Gabriel Peixoto;31;2024-05-06;Corte de Cabelo;;70;0
C080;Anthony Souza;73;2024-05-06;Limpeza de pele;Balm;45;49
C016;Levi Pereira;31;2024-05-07;Combo 1;;110;0
C207;Pietro Caldeira;67;2024-05-07;Combo 2;Balm;100;49
C186;Rodrigo Castro;68;2024-05-07;Barba Modelada;;55;0
C237;Luiz Gustavo Gonçalves;70;2024-05-07;Combo 1;;110;0
C211;Cauê Almeida;29;2024-05-07;Corte de Cabelo;;70;0
C041;Arthur Silveira;46;2024-05-07;Corte a Maquina;;55;0
C132;João Vitor Azevedo;45;2024-05-07;Corte de Cabelo;Shampoo de barba;70;49
C230;Enzo Alves;9;2024-05-07;Corte de Cabelo;;70;0
C002;Raul da Rocha;5;2024-05-07;Corte de Cabelo;Shampoo de barba;70;49
C134;Heitor Moura;39;2024-05-07;Barba Modelada;;55;0
C079;João Guilherme Dias;36;2024-05-07;Combo 2;Pomada de cabelo;100;89
C235;Augusto Peixoto;26;2024-05-07;Corte de Cabelo;;70;0
C121;Eduardo Nascimento;51;2024-05-08;Combo 1;;110;0
C215;Dr. Luiz Gustavo da Luz;75;2024-05-08;Combo 1;Shampoo de barba;110;49
C034;João Moraes;29;2024-05-08;Combo 1;Pomada de cabelo;110;89
C030;Lorenzo Santos;56;2024-05-08;Combo 2;;100;0
C218;Sr. Emanuel da Mata;62;2024-05-08;Corte de Cabelo;;70;0
C102;Kevin Moraes;70;2024-05-08;Corte de Cabelo;;70;0
C011;Dr. Pedro Henrique Carvalho;56;2024-05-08;Corte de Cabelo;Shampoo de barba;70;49
C207;Pietro Caldeira;67;2024-05-08;Corte de Cabelo;;70;0
C007;Enzo Pires;15;2024-05-08;Corte a Maquina;;55;0
C009;Matheus da Cunha;13;2024-05-08;Combo 1;;110;0
C235;Augusto Peixoto;26;2024-05-08;Corte de Cabelo;Balm;70;49
C158;Vicente Cardoso;16;2024-05-08;Corte de Cabelo;;70;0
C220;Lorenzo Alves;26;2024-05-08;Combo 1;;110;0
C103;João Vitor Martins;35;2024-05-08;Acabamento;;28;0
C241;Bruno Souza;25;2024-05-08;Corte de Cabelo;;70;0
C102;Kevin Moraes;70;2024-05-08;Corte de Cabelo;;70;0
C067;João Felipe Monteiro;49;2024-05-09;Corte de Cabelo;Balm;70;49
C236;Eduardo Ramos;26;2024-05-09;Combo 2;;100;0
C045;Luiz Gustavo Oliveira;60;2024-05-09;Corte de Cabelo;Pomada de cabelo;70;89
C195;Dr. João Felipe Lopes;72;2024-05-09;Acabamento;;28;0
C078;Luiz Fernando Costa;50;2024-05-09;Corte a Maquina;Shampoo de barba;55;49
C032;Gabriel Teixeira;37;2024-05-09;Limpeza de pele;Balm;45;49
C116;Lucca Moraes;21;2024-05-09;Corte de Cabelo;Balm;70;49
C218;Sr. Emanuel da Mata;62;2024-05-09;Combo 1;;110;0
C156;João Felipe das Neves;64;2024-05-09;Acabamento;Shampoo de barba;28;49
C233;Sr. Thomas Silva;15;2024-05-09;Corte de Cabelo;;70;0
C095;João Lucas Barbosa;52;2024-05-09;Barba Modelada;;55;0
C033;Marcelo Ribeiro;21;2024-05-09;Hidratação;;70;0
C048;Otávio Araújo;50;2024-05-09;Acabamento;Balm;28;49
C120;Gabriel Rodrigues;10;2024-05-09;Combo 1;;110;0
C088;Sr. Bruno Rocha;36;2024-05-09;Barba Modelada;;55;0
C239;Danilo Pinto;19;2024-05-10;Combo 1;;110;0
C142;Enzo da Mota;66;2024-05-10;Sobrancelha;Balm;35;49
C058;Dr. Danilo Aragão;39;2024-05-10;Depilação de nariz;;35;0
C010;Benjamin Fernandes;77;2024-05-10;Limpeza de pele;Pomada de cabelo;45;89
C137;Danilo Viana;60;2024-05-10;Sobrancelha;;35;0
C021;Breno Nogueira;27;2024-05-10;Corte a Maquina;;55;0
C200;Murilo Almeida;11;2024-05-10;Combo 1;;110;0
C080;Anthony Souza;73;2024-05-10;Depilação de orelha;Balm;35;49
C215;Dr. Luiz Gustavo da Luz;75;2024-05-10;Combo 2;;100;0
C055;Sr. Joaquim Cavalcanti;10;2024-05-10;Corte a Maquina;;55;0
C057;Sr. Juan Cavalcanti;31;2024-05-11;Corte de Cabelo;;70;0
C209;Lorenzo Martins;37;2024-05-11;Barba Modelada;;55;0
C151;Cauê Oliveira;71;2024-05-11;Limpeza de pele;;45;0
C005;Dr. Enrico Ribeiro;30;2024-05-11;Corte a Maquina;Balm;55;49
C051;Lorenzo Fernandes;39;2024-05-11;Combo 1;;110;0
C051;Lorenzo Fernandes;39;2024-05-11;Limpeza de pele;;45;0
C125;Dr. Daniel Cardoso;69;2024-05-12;Depilação de orelha;;35;0
C013;Ryan Porto;5;2024-05-12;Corte de Cabelo;;70;0
C030;Lorenzo Santos;56;2024-05-12;Combo 1;;110;0
C101;Rodrigo Ferreira;73;2024-05-12;Corte de Cabelo;;70;0
C198;Dr. Luiz Miguel Vieira;30;2024-05-12;Combo 2;;100;0
C183;Sr. Enrico das Neves;53;2024-05-12;Barba Modelada;Pomada de cabelo;55;89
C110;Diego Moraes;19;2024-05-12;Corte de Cabelo;;70;0
C070;Davi Luiz Fogaça;36;2024-05-12;Depilação de nariz;;35;0
C078;Luiz Fernando Costa;50;2024-05-12;Corte de Cabelo;;70;0
C015;Theo Cardoso;29;2024-05-13;Corte de Cabelo;;70;0
C193;Diego Campos;4;2024-05-13;Corte de Cabelo;Pomada de cabelo;70;89
C024;Breno das Neves;30;2024-05-13;Corte de Cabelo;;70;0
C018;Benício das Neves;79;2024-05-13;Combo 2;;100;0
C178;Benício da Mata;56;2024-05-13;Corte a Maquina;Balm;55;49
C097;Nicolas Gomes;20;2024-05-13;Acabamento;;28;0
C193;Diego Campos;4;2024-05-13;Corte de Cabelo;;70;0
C176;Lucas Gabriel Costela;69;2024-05-13;Combo 1;Pomada de cabelo;110;89
C161;Luiz Miguel Sales;32;2024-05-13;Limpeza de pele;;45;0
C175;Diogo Almeida;35;2024-05-13;Barba Modelada;Pomada de cabelo;55;89
C088;Sr. Bruno Rocha;36;2024-05-13;Combo 1;Pomada de cabelo;110;89
C140;Cauã Freitas;66;2024-05-13;Acabamento;;28;0
C072;João Lucas Cunha;79;2024-05-13;Combo 1;;110;0
C162;Breno da Paz;9;2024-05-13;Corte a Maquina;;55;0
C196;Gabriel Peixoto;31;2024-05-14;Limpeza de pele;;45;0
C244;Sr. Benjamin Moura;33;2024-05-14;Barba Modelada;;55;0
C177;Thiago Melo;79;2024-05-14;Depilação de orelha;;35;0
C086;Sr. Davi Lucas Vieira;42;2024-05-14;Corte de Cabelo;Balm;70;49
C021;Breno Nogueira;27;2024-05-14;Depilação de nariz;;35;0
C244;Sr. Benjamin Moura;33;2024-05-14;Combo 2;Pomada de cabelo;100;89
C113;Luiz Gustavo Rocha;13;2024-05-14;Corte de Cabelo;Pomada de cabelo;70;89
C160;Noah Porto;41;2024-05-14;Combo 1;;110;0
C155;Dr. Davi Lucca Aragão;43;2024-05-14;Combo 1;Balm;110;49
C075;Thiago da Rosa;33;2024-05-14;Combo 1;Balm;110;49
C149;Enzo Gabriel Rocha;49;2024-05-14;Combo 1;Pomada de cabelo;110;89
C025;Dr. Leonardo Barros;59;2024-05-14;Barba Modelada;;55;0
C159;João Ribeiro;48;2024-05-14;Combo 1;Balm;110;49
C156;João Felipe das Neves;64;2024-05-15;Barba Modelada;;55;0
C106;Sr. Yago Jesus;76;2024-05-15;Combo 1;Pomada de cabelo;110;89
C089;Sr. Alexandre Cavalcanti;10;2024-05-15;Combo 1;;110;0
C093;Calebe Dias;29;2024-05-15;Corte de Cabelo;;70;0
C038;Sr. João Miguel Alves;50;2024-05-15;Corte a Maquina;;55;0
C141;Noah Freitas;24;2024-05-15;Corte de Cabelo;Shampoo de barba;70;49
C169;Alexandre Gomes;70;2024-05-15;Depilação de orelha;;35;0
C060;Marcos Vinicius Lopes;31;2024-05-15;Corte a Maquina;Shampoo de barba;55;49
C081;Pedro Henrique da Cruz;30;2024-05-16;Combo 2;Shampoo de barba;100;49
C167;Marcos Vinicius Ferreira;64;2024-05-16;Barba Modelada;Shampoo de barba;55;49
C171;Erick Ferreira;18;2024-05-16;Combo 1;Shampoo de barba;110;49
C069;Pedro Henrique Pires;28;2024-05-16;Depilação de orelha;;35;0
C029;Pedro Miguel da Cunha;22;2024-05-16;Depilação de orelha;Shampoo de barba;35;49
C224;Noah Nascimento;47;2024-05-16;Combo 1;;110;0
C118;Ryan Cavalcanti;56;2024-05-16;Barba Modelada;;55;0
C155;Dr. Davi Lucca Aragão;43;2024-05-16;Corte de Cabelo;Balm;70;49
C210;João Miguel da Paz;64;2024-05-16;Corte de Cabelo;;70;0
C139;Luiz Felipe Pinto;35;2024-05-16;Corte de Cabelo;;70;0
C132;João Vitor Azevedo;45;2024-05-16;Corte de Cabelo;;70;0
C141;Noah Freitas;24;2024-05-16;Corte a Maquina;;55;0
C125;Dr. Daniel Cardoso;69;2024-05-16;Limpeza de pele;Pomada de cabelo;45;89
C134;Heitor Moura;39;2024-05-17;Corte de Cabelo;Shampoo de barba;70;49
C218;Sr. Emanuel da Mata;62;2024-05-17;Combo 2;Shampoo de barba;100;49
C009;Matheus da Cunha;13;2024-05-17;Combo 1;;110;0
C204;João Vitor Martins;6;2024-05-17;Corte de Cabelo;;70;0
C171;Erick Ferreira;18;2024-05-17;Corte de Cabelo;Balm;70;49
C246;Sr. Cauê da Costa;58;2024-05-17;Hidratação;;70;0
C242;Davi Novaes;37;2024-05-17;Corte de Cabelo;;70;0
C002;Raul da Rocha;5;2024-05-17;Corte de Cabelo;Pomada de cabelo;70;89
C099;Lucas Gabriel Almeida;19;2024-05-17;Combo 2;;100;0
C056;Marcos Vinicius Lima;7;2024-05-17;Corte a Maquina;;55;0
C189;Enzo Gomes;33;2024-05-18;Corte a Maquina;Shampoo de barba;55;49
C006;Dr. Davi Peixoto;19;2024-05-18;Combo 2;Shampoo de barba;100;49
C121;Eduardo Nascimento;51;2024-05-18;Depilação de orelha;;35;0
C127;Luiz Otávio da Rocha;72;2024-05-18;Sobrancelha;;35;0
C234;Joaquim Fernandes;33;2024-05-18;Corte a Maquina;Shampoo de barba;55;49
C015;Theo Cardoso;29;2024-05-18;Corte a Maquina;;55;0
C186;Rodrigo Castro;68;2024-05-18;Limpeza de pele;;45;0
C115;Bernardo Viana;16;2024-05-18;Combo 1;;110;0
C152;Heitor Vieira;69;2024-05-18;Hidratação;;70;0
C074;Lucas Gabriel Azevedo;70;2024-05-18;Corte de Cabelo;;70;0
C224;Noah Nascimento;47;2024-05-18;Corte a Maquina;;55;0
C237;Luiz Gustavo Gonçalves;70;2024-05-18;Corte de Cabelo;;70;0
C133;Kevin Silva;16;2024-05-18;Corte de Cabelo;Pomada de cabelo;70;89
C134;Heitor Moura;39;2024-05-18;Corte a Maquina;;55;0
C098;Dr. Nathan Viana;35;2024-05-18;Combo 1;Pomada de cabelo;110;89
C238;Dr. Heitor da Costa;59;2024-05-19;Hidratação;;70;0
C031;Emanuel Farias;45;2024-05-19;Corte a Maquina;Pomada de cabelo;55;89
C095;João Lucas Barbosa;52;2024-05-19;Barba Modelada;;55;0
C158;Vicente Cardoso;16;2024-05-19;Corte de Cabelo;;70;0
C224;Noah Nascimento;47;2024-05-19;Depilação de nariz;Pomada de cabelo;35;89
C127;Luiz Otávio da Rocha;72;2024-05-19;Barba Modelada;;55;0
C182;Sr. Alexandre Azevedo;41;2024-05-19;Barba Modelada;Shampoo de barba;55;49
C117;Henrique Barros;22;2024-05-19;Corte de Cabelo;;70;0
C073;Sr. Diogo da Luz;23;2024-05-19;Corte a Maquina;Balm;55;49
C021;Breno Nogueira;27;2024-05-19;Depilação de nariz;;35;0
C088;Sr. Bruno Rocha;36;2024-05-19;Corte de Cabelo;;70;0
C137;Danilo Viana;60;2024-05-19;Combo 1;;110;0
C142;Enzo da Mota;66;2024-05-20;Combo 1;;110;0
C079;João Guilherme Dias;36;2024-05-20;Combo 1;;110;0
C180;Bryan Azevedo;71;2024-05-20;Combo 1;;110;0
C137;Danilo Viana;60;2024-05-20;Corte de Cabelo;Balm;70;49
C180;Bryan Azevedo;71;2024-05-20;Corte de Cabelo;;70;0
C104;Lucas Gabriel Gomes;76;2024-05-20;Corte de Cabelo;;70;0
C088;Sr. Bruno Rocha;36;2024-05-20;Depilação de orelha;;35;0
C159;João Ribeiro;48;2024-05-20;Corte de Cabelo;;70;0
C105;João Vitor Cunha;56;2024-05-20;Corte de Cabelo;Balm;70;49
C250;Pedro Lucas Martins;71;2024-05-20;Combo 1;;110;0
C216;Thales Almeida;62;2024-05-20;Hidratação;;70;0
C070;Davi Luiz Fogaça;36;2024-05-20;Corte de Cabelo;;70;0
C106;Sr. Yago Jesus;76;2024-05-20;Acabamento;;28;0
C102;Kevin Moraes;70;2024-05-21;Depilação de nariz;;35;0
C013;Ryan Porto;5;2024-05-21;Corte de Cabelo;;70;0
C249;Bryan da Mata;8;2024-05-21;Corte de Cabelo;;70;0
C147;Miguel Alves;27;2024-05-21;Corte de Cabelo;;70;0
C147;Miguel Alves;27;2024-05-21;Barba Modelada;Shampoo de barba;55;49
C178;Benício da Mata;56;2024-05-21;Combo 1;;110;0
C152;Heitor Vieira;69;2024-05-21;Combo 2;Shampoo de barba;100;49
C234;Joaquim Fernandes;33;2024-05-22;Combo 1;;110;0
C085;João Lucas Azevedo;6;2024-05-22;Combo 1;;110;0
C203;Renan da Mota;10;2024-05-22;Corte de Cabelo;;70;0
C082;Yuri Teixeira;43;2024-05-22;Combo 1;Balm;110;49
C134;Heitor Moura;39;2024-05-22;Hidratação;;70;0
C046;Calebe das Neves;70;2024-05-22;Corte de Cabelo;;70;0
C035;Cauê Pereira;45;2024-05-22;Corte a Maquina;;55;0
C175;Diogo Almeida;35;2024-05-22;Depilação de orelha;Shampoo de barba;35;49
C209;Lorenzo Martins;37;2024-05-22;Corte de Cabelo;;70;0
C033;Marcelo Ribeiro;21;2024-05-22;Corte a Maquina;Balm;55;49
C118;Ryan Cavalcanti;56;2024-05-22;Combo 1;;110;0
C239;Danilo Pinto;19;2024-05-22;Combo 1;;110;0
C127;Luiz Otávio da Rocha;72;2024-05-23;Acabamento;Pomada de cabelo;28;89
C239;Danilo Pinto;19;2024-05-23;Corte de Cabelo;Pomada de cabelo;70;89
C110;Diego Moraes;19;2024-05-23;Combo 1;;110;0
C017;Alexandre das Neves;66;2024-05-23;Hidratação;;70;0
C235;Augusto Peixoto;26;2024-05-23;Barba Modelada;;55;0
C220;Lorenzo Alves;26;2024-05-23;Corte a Maquina;;55;0
C105;João Vitor Cunha;56;2024-05-23;Combo 1;;110;0
C245;Sr. Joaquim Martins;11;2024-05-23;Corte a Maquina;;55;0
C169;Alexandre Gomes;70;2024-05-23;Combo 1;;110;0
C138;Cauã Teixeira;2;2024-05-23;Combo 1;;110;0
C241;Bruno Souza;25;2024-05-23;Corte de Cabelo;;70;0
C057;Sr. Juan Cavalcanti;31;2024-05-23;Acabamento;;28;0
C117;Henrique Barros;22;2024-05-24;Corte de Cabelo;;70;0
C194;Kevin Silva;77;2024-05-24;Barba Modelada;;55;0
C175;Diogo Almeida;35;2024-05-24;Combo 1;Pomada de cabelo;110;89
C168;Bruno Pires;10;2024-05-24;Corte a Maquina;;55;0
C020;Sr. Calebe Peixoto;73;2024-05-24;Corte de Cabelo;;70;0
C024;Breno das Neves;30;2024-05-24;Combo 1;;110;0
C213;Sr. Luiz Henrique da Conceição;18;2024-05-24;Corte de Cabelo;;70;0
C245;Sr. Joaquim Martins;11;2024-05-24;Combo 1;Pomada de cabelo;110;89
C117;Henrique Barros;22;2024-05-24;Corte de Cabelo;Pomada de cabelo;70;89
C188;Dr. Cauê Moraes;17;2024-05-24;Combo 1;;110;0
C089;Sr. Alexandre Cavalcanti;10;2024-05-24;Combo 1;;110;0
C015;Theo Cardoso;29;2024-05-24;Acabamento;;28;0
C135;Lucas Costa;57;2024-05-24;Depilação de nariz;;35;0
C203;Renan da Mota;10;2024-05-25;Combo 1;;110;0
C092;Marcos Vinicius Nogueira;42;2024-05-25;Barba Modelada;;55;0
C055;Sr. Joaquim Cavalcanti;10;2024-05-25;Corte a Maquina;;55;0
C188;Dr. Cauê Moraes;17;2024-05-25;Corte de Cabelo;;70;0
C240;Benjamin Lima;56;2024-05-25;Corte de Cabelo;;70;0
C217;Thales Ferreira;33;2024-05-25;Hidratação;;70;0
C164;Nathan Cardoso;74;2024-05-25;Barba Modelada;;55;0
C045;Luiz Gustavo Oliveira;60;2024-05-25;Limpeza de pele;;45;0
C158;Vicente Cardoso;16;2024-05-25;Corte de Cabelo;;70;0
C232;Levi da Mota;45;2024-05-25;Combo 1;;110;0
C243;Diogo Ribeiro;61;2024-05-25;Combo 1;Pomada de cabelo;110;89
C196;Gabriel Peixoto;31;2024-05-26;Hidratação;;70;0
C121;Eduardo Nascimento;51;2024-05-26;Corte de Cabelo;Shampoo de barba;70;49
C032;Gabriel Teixeira;37;2024-05-26;Corte de Cabelo;;70;0
C088;Sr. Bruno Rocha;36;2024-05-26;Acabamento;;28;0
C180;Bryan Azevedo;71;2024-05-26;Combo 2;Balm;100;49
C016;Levi Pereira;31;2024-05-26;Combo 2;Pomada de cabelo;100;89
C030;Lorenzo Santos;56;2024-05-26;Combo 1;Shampoo de barba;110;49
C247;Dr. Danilo Caldeira;72;2024-05-26;Barba Modelada;;55;0
C066;Benício Moreira;22;2024-05-26;Sobrancelha;Pomada de cabelo;35;89
C187;Ian Moraes;59;2024-05-26;Depilação de nariz;;35;0
C110;Diego Moraes;19;2024-05-26;Depilação de nariz;;35;0
C093;Calebe Dias;29;2024-05-26;Combo 1;;110;0
C018;Benício das Neves;79;2024-05-26;Combo 2;Pomada de cabelo;100;89
C051;Lorenzo Fernandes;39;2024-05-26;Depilação de nariz;;35;0
C119;Erick Caldeira;78;2024-05-27;Depilação de nariz;;35;0
C140;Cauã Freitas;66;2024-05-27;Corte de Cabelo;;70;0
C196;Gabriel Peixoto;31;2024-05-27;Combo 1;;110;0
C168;Bruno Pires;10;2024-05-27;Corte de Cabelo;Balm;70;49
C008;Dr. Calebe Caldeira;71;2024-05-27;Corte de Cabelo;Balm;70;49
C067;João Felipe Monteiro;49;2024-05-27;Barba Modelada;;55;0
C093;Calebe Dias;29;2024-05-27;Combo 1;Pomada de cabelo;110;89
C095;João Lucas Barbosa;52;2024-05-27;Corte de Cabelo;Shampoo de barba;70;49
C065;Vinicius Aragão;48;2024-05-27;Combo 2;;100;0
C071;Rafael Mendes;11;2024-05-27;Combo 1;Shampoo de barba;110;49
C040;Vinicius Nunes;47;2024-05-27;Corte de Cabelo;;70;0
C026;João Felipe Cavalcanti;77;2024-05-27;Corte de Cabelo;;70;0
C117;Henrique Barros;22;2024-05-28;Hidratação;Pomada de cabelo;70;89
C156;João Felipe das Neves;64;2024-05-28;Limpeza de pele;;45;0
C116;Lucca Moraes;21;2024-05-28;Combo 1;;110;0
C223;Samuel Souza;57;2024-05-28;Corte a Maquina;;55;0
C171;Erick Ferreira;18;2024-05-28;Barba Modelada;Pomada de cabelo;55;89
C233;Sr. Thomas Silva;15;2024-05-28;Combo 1;;110;0
C044;Francisco da Cruz;7;2024-05-28;Corte a Maquina;Pomada de cabelo;55;89
C113;Luiz Gustavo Rocha;13;2024-05-28;Corte de Cabelo;Pomada de cabelo;70;89
C050;Pedro Henrique Fogaça;72;2024-05-28;Corte de Cabelo;;70;0
C075;Thiago da Rosa;33;2024-05-28;Combo 1;Pomada de cabelo;110;89
C137;Danilo Viana;60;2024-05-28;Corte de Cabelo;;70;0
C151;Cauê Oliveira;71;2024-05-29;Combo 2;;100;0
C170;Dr. Noah Farias;18;2024-05-29;Corte de Cabelo;Balm;70;49
C235;Augusto Peixoto;26;2024-05-29;Barba Modelada;;55;0
C139;Luiz Felipe Pinto;35;2024-05-29;Corte de Cabelo;Pomada de cabelo;70;89
C201;Nathan Gonçalves;9;2024-05-29;Corte a Maquina;Balm;55;49
C078;Luiz Fernando Costa;50;2024-05-29;Combo 1;Shampoo de barba;110;49
C030;Lorenzo Santos;56;2024-05-30;Depilação de nariz;;35;0
C063;Marcos Vinicius da Mata;37;2024-05-30;Corte de Cabelo;Balm;70;49
C045;Luiz Gustavo Oliveira;60;2024-05-30;Combo 1;;110;0
C177;Thiago Melo;79;2024-05-30;Combo 2;;100;0
C044;Francisco da Cruz;7;2024-05-30;Combo 1;;110;0
C004;Sr. Davi Luiz Gomes;33;2024-05-30;Corte de Cabelo;;70;0
C014;Luiz Henrique Caldeira;13;2024-05-30;Corte de Cabelo;;70;0
C098;Dr. Nathan Viana;35;2024-05-30;Limpeza de pele;;45;0
C216;Thales Almeida;62;2024-05-30;Combo 1;;110;0
C107;Dr. Gabriel Souza;53;2024-05-30;Combo 1;Shampoo de barba;110;49
C248;Bernardo Rocha;14;2024-05-30;Corte a Maquina;;55;0
C032;Gabriel Teixeira;37;2024-05-30;Combo 1;;110;0
C221;João Felipe Almeida;14;2024-05-30;Combo 1;;110;0
C073;Sr. Diogo da Luz;23;2024-05-30;Barba Modelada;;55;0
C206;Sr. Bryan Rezende;11;2024-05-30;Corte a Maquina;Shampoo de barba;55;49
C111;Antônio Alves;67;2024-05-30;Limpeza de pele;;45;0
C184;Sr. Alexandre Silva;49;2024-05-31;Corte a Maquina;Pomada de cabelo;55;89
C050;Pedro Henrique Fogaça;72;2024-05-31;Corte de Cabelo;Balm;70;49
C126;Davi da Cunha;34;2024-05-31;Corte a Maquina;;55;0
C223;Samuel Souza;57;2024-05-31;Corte de Cabelo;;70;0
C093;Calebe Dias;29;2024-05-31;Corte de Cabelo;;70;0
C054;Joaquim Caldeira;26;2024-05-31;Combo 2;;100;0
C037;André da Paz;13;2024-05-31;Corte a Maquina;;55;0
C209;Lorenzo Martins;37;2024-05-31;Depilação de orelha;Pomada de cabelo;35;89
C177;Thiago Melo;79;2024-05-31;Combo 1;Pomada de cabelo;110;89
C194;Kevin Silva;77;2024-05-31;Corte a Maquina;;55;0
C070;Davi Luiz Fogaça;36;2024-05-31;Barba Modelada;Balm;55;49
C177;Thiago Melo;79;2024-05-31;Corte de Cabelo;Balm;70;49
C036;Dr. Davi Lucas Azevedo;15;2024-05-31;Combo 1;;110;0
C092;Marcos Vinicius Nogueira;42;2024-05-31;Hidratação;Shampoo de barba;70;49
C186;Rodrigo Castro;68;2024-05-31;Combo 2;;100;0
C091;Marcos Vinicius Castro;74;2024-05-31;Corte de Cabelo;Pomada de cabelo;70;89
C187;Ian Moraes;59;2024-06-01;Corte a Maquina;;55;0
C063;Marcos Vinicius da Mata;37;2024-06-01;Corte de Cabelo;;70;0
C089;Sr. Alexandre Cavalcanti;10;2024-06-01;Combo 1;Shampoo de barba;110;49
C151;Cauê Oliveira;71;2024-06-01;Depilação de nariz;;35;0
C167;Marcos Vinicius Ferreira;64;2024-06-01;Limpeza de pele;;45;0
C216;Thales Almeida;62;2024-06-01;Depilação de orelha;;35;0
C102;Kevin Moraes;70;2024-06-01;Sobrancelha;Balm;35;49
C111;Antônio Alves;67;2024-06-01;Depilação de nariz;Balm;35;49
C043;Dr. Kaique Campos;35;2024-06-01;Combo 2;;100;0
C149;Enzo Gabriel Rocha;49;2024-06-01;Corte de Cabelo;;70;0
C158;Vicente Cardoso;16;2024-06-01;Corte de Cabelo;Shampoo de barba;70;49
C197;Dr. Lucca Porto;77;2024-06-01;Corte de Cabelo;;70;0
C112;Dr. Erick Ferreira;65;2024-06-01;Barba Modelada;;55;0
C206;Sr. Bryan Rezende;11;2024-06-01;Corte de Cabelo;Pomada de cabelo;70;89
C073;Sr. Diogo da Luz;23;2024-06-02;Corte a Maquina;;55;0
C165;Vitor Novaes;12;2024-06-02;Combo 1;;110;0
C189;Enzo Gomes;33;2024-06-02;Depilação de nariz;;35;0
C228;Benjamin Carvalho;8;2024-06-02;Corte de Cabelo;Shampoo de barba;70;49
C058;Dr. Danilo Aragão;39;2024-06-02;Limpeza de pele;;45;0
C194;Kevin Silva;77;2024-06-02;Combo 1;;110;0
C025;Dr. Leonardo Barros;59;2024-06-02;Corte de Cabelo;;70;0
C143;Miguel da Cunha;15;2024-06-02;Combo 1;;110;0
C199;Luiz Felipe Moraes;2;2024-06-02;Combo 1;;110;0
C200;Murilo Almeida;11;2024-06-02;Combo 1;;110;0
C188;Dr. Cauê Moraes;17;2024-06-03;Corte de Cabelo;;70;0
C086;Sr. Davi Lucas Vieira;42;2024-06-03;Corte de Cabelo;Pomada de cabelo;70;89
C073;Sr. Diogo da Luz;23;2024-06-03;Corte de Cabelo;Pomada de cabelo;70;89
C130;Dr. Luigi Ferreira;70;2024-06-03;Combo 1;;110;0
C147;Miguel Alves;27;2024-06-03;Sobrancelha;;35;0
C210;João Miguel da Paz;64;2024-06-03;Barba Modelada;Balm;55;49
C057;Sr. Juan Cavalcanti;31;2024-06-03;Hidratação;;70;0
C163;Thomas Cardoso;32;2024-06-03;Barba Modelada;Pomada de cabelo;55;89
C099;Lucas Gabriel Almeida;19;2024-06-03;Barba Modelada;;55;0
C170;Dr. Noah Farias;18;2024-06-03;Barba Modelada;;55;0
C025;Dr. Leonardo Barros;59;2024-06-03;Barba Modelada;;55;0
C025;Dr. Leonardo Barros;59;2024-06-03;Corte a Maquina;;55;0
C221;João Felipe Almeida;14;2024-06-03;Combo 1;;110;0
C021;Breno Nogueira;27;2024-06-04;Combo 1;;110;0
C168;Bruno Pires;10;2024-06-04;Corte de Cabelo;;70;0
C170;Dr. Noah Farias;18;2024-06-04;Combo 1;Shampoo de barba;110;49
C130;Dr. Luigi Ferreira;70;2024-06-04;Barba Modelada;;55;0
C084;Nicolas Oliveira;31;2024-06-04;Combo 1;;110;0
C015;Theo Cardoso;29;2024-06-04;Combo 2;;100;0
C062;Lorenzo da Paz;50;2024-06-04;Corte de Cabelo;;70;0
C145;Pedro Henrique Vieira;66;2024-06-04;Corte de Cabelo;Balm;70;49
C148;Sr. Enrico Teixeira;21;2024-06-04;Corte de Cabelo;;70;0
C008;Dr. Calebe Caldeira;71;2024-06-04;Sobrancelha;;35;0
C173;Lucca da Paz;72;2024-06-04;Combo 2;;100;0
C202;Breno Vieira;31;2024-06-04;Barba Modelada;;55;0
C140;Cauã Freitas;66;2024-06-04;Combo 1;Pomada de cabelo;110;89
C018;Benício das Neves;79;2024-06-05;Acabamento;;28;0
C188;Dr. Cauê Moraes;17;2024-06-05;Combo 1;;110;0
C088;Sr. Bruno Rocha;36;2024-06-05;Corte de Cabelo;;70;0
C226;Pedro Henrique Jesus;54;2024-06-05;Combo 2;;100;0
C200;Murilo Almeida;11;2024-06-05;Corte de Cabelo;;70;0
C191;Enrico Peixoto;10;2024-06-05;Corte de Cabelo;;70;0
C168;Bruno Pires;10;2024-06-05;Corte de Cabelo;Shampoo de barba;70;49
C189;Enzo Gomes;33;2024-06-05;Corte de Cabelo;;70;0
C010;Benjamin Fernandes;77;2024-06-05;Hidratação;;70;0
C174;Leonardo Novaes;23;2024-06-05;Depilação de orelha;Balm;35;49
C131;Enzo Gabriel Porto;36;2024-06-06;Corte de Cabelo;Balm;70;49
C175;Diogo Almeida;35;2024-06-06;Sobrancelha;Balm;35;49
C141;Noah Freitas;24;2024-06-06;Barba Modelada;;55;0
C237;Luiz Gustavo Gonçalves;70;2024-06-06;Combo 1;Shampoo de barba;110;49
C046;Calebe das Neves;70;2024-06-06;Combo 1;;110;0
C061;Samuel da Luz;14;2024-06-06;Combo 1;Balm;110;49
C072;João Lucas Cunha;79;2024-06-06;Combo 2;;100;0
C032;Gabriel Teixeira;37;2024-06-06;Barba Modelada;;55;0
C184;Sr. Alexandre Silva;49;2024-06-06;Combo 1;;110;0
C065;Vinicius Aragão;48;2024-06-06;Corte de Cabelo;;70;0
C070;Davi Luiz Fogaça;36;2024-06-06;Depilação de nariz;;35;0
C135;Lucas Costa;57;2024-06-06;Corte de Cabelo;;70;0
C018;Benício das Neves;79;2024-06-06;Corte de Cabelo;;70;0
C085;João Lucas Azevedo;6;2024-06-06;Corte de Cabelo;Shampoo de barba;70;49
C181;Dr. Enzo Gabriel Pinto;27;2024-06-06;Barba Modelada;;55;0
C102;Kevin Moraes;70;2024-06-06;Corte a Maquina;Pomada de cabelo;55;89
C223;Samuel Souza;57;2024-06-06;Hidratação;;70;0
C145;Pedro Henrique Vieira;66;2024-06-06;Sobrancelha;;35;0
C094;Felipe Barros;65;2024-06-07;Corte de Cabelo;;70;0
C163;Thomas Cardoso;32;2024-06-07;Combo 1;Shampoo de barba;110;49
C179;Dr. Vitor Barbosa;29;2024-06-07;Corte de Cabelo;;70;0
C159;João Ribeiro;48;2024-06-07;Combo 1;;110;0
C074;Lucas Gabriel Azevedo;70;2024-06-07;Limpeza de pele;;45;0
C082;Yuri Teixeira;43;2024-06-07;Corte a Maquina;;55;0
C056;Marcos Vinicius Lima;7;2024-06-07;Corte de Cabelo;Pomada de cabelo;70;89
C123;Diogo Mendes;78;2024-06-07;Depilação de orelha;;35;0
C076;Marcelo Mendes;22;2024-06-07;Corte de Cabelo;;70;0
C053;Guilherme Fogaça;75;2024-06-07;Combo 1;;110;0
C127;Luiz Otávio da Rocha;72;2024-06-07;Combo 1;;110;0
C226;Pedro Henrique Jesus;54;2024-06-08;Combo 1;Pomada de cabelo;110;89
C221;João Felipe Almeida;14;2024-06-08;Combo 1;;110;0
C152;Heitor Vieira;69;2024-06-08;Acabamento;;28;0
C112;Dr. Erick Ferreira;65;2024-06-08;Depilação de nariz;;35;0
C151;Cauê Oliveira;71;2024-06-08;Combo 1;;110;0
C160;Noah Porto;41;2024-06-08;Combo 1;;110;0
C191;Enrico Peixoto;10;2024-06-08;Corte de Cabelo;Balm;70;49
C031;Emanuel Farias;45;2024-06-08;Sobrancelha;;35;0
C052;Pedro Miguel Sales;48;2024-06-08;Barba Modelada;Balm;55;49
C063;Marcos Vinicius da Mata;37;2024-06-08;Combo 2;Shampoo de barba;100;49
C137;Danilo Viana;60;2024-06-08;Combo 1;;110;0
C005;Dr. Enrico Ribeiro;30;2024-06-08;Corte a Maquina;Balm;55;49
C178;Benício da Mata;56;2024-06-08;Sobrancelha;;35;0
C227;Davi Luiz da Paz;61;2024-06-08;Corte a Maquina;;55;0
C012;Yago Pereira;6;2024-06-08;Combo 1;;110;0
C084;Nicolas Oliveira;31;2024-06-08;Combo 1;;110;0
C134;Heitor Moura;39;2024-06-08;Combo 1;Pomada de cabelo;110;89
C132;João Vitor Azevedo;45;2024-06-08;Limpeza de pele;;45;0
C109;Luiz Otávio Santos;30;2024-06-08;Combo 1;Shampoo de barba;110;49
C125;Dr. Daniel Cardoso;69;2024-06-09;Combo 1;Balm;110;49
C167;Marcos Vinicius Ferreira;64;2024-06-09;Barba Modelada;Balm;55;49
C043;Dr. Kaique Campos;35;2024-06-09;Combo 1;;110;0
C068;Thomas Melo;47;2024-06-09;Barba Modelada;;55;0
C036;Dr. Davi Lucas Azevedo;15;2024-06-09;Corte de Cabelo;Pomada de cabelo;70;89
C192;Sr. João Lucas Ribeiro;45;2024-06-09;Corte de Cabelo;;70;0
C111;Antônio Alves;67;2024-06-09;Depilação de orelha;;35;0
C049;Emanuel Oliveira;12;2024-06-09;Corte a Maquina;;55;0
C029;Pedro Miguel da Cunha;22;2024-06-09;Depilação de nariz;;35;0
C133;Kevin Silva;16;2024-06-09;Corte de Cabelo;;70;0
C074;Lucas Gabriel Azevedo;70;2024-06-10;Combo 1;;110;0
C228;Benjamin Carvalho;8;2024-06-10;Corte a Maquina;;55;0
C151;Cauê Oliveira;71;2024-06-10;Combo 1;Pomada de cabelo;110;89
C015;Theo Cardoso;29;2024-06-10;Corte a Maquina;;55;0
C150;Pedro Henrique Pereira;22;2024-06-10;Barba Modelada;;55;0
C241;Bruno Souza;25;2024-06-10;Combo 1;;110;0
C146;Sr. Davi Luiz Cardoso;79;2024-06-10;Corte de Cabelo;;70;0
C181;Dr. Enzo Gabriel Pinto;27;2024-06-10;Hidratação;;70;0
C046;Calebe das Neves;70;2024-06-10;Combo 2;Shampoo de barba;100;49
C003;Dr. Daniel Vieira;37;2024-06-11;Corte de Cabelo;;70;0
C170;Dr. Noah Farias;18;2024-06-11;Combo 1;Pomada de cabelo;110;89
C079;João Guilherme Dias;36;2024-06-11;Sobrancelha;;35;0
C231;Francisco Vieira;53;2024-06-11;Barba Modelada;Shampoo de barba;55;49
C076;Marcelo Mendes;22;2024-06-11;Corte a Maquina;;55;0
C077;Igor Pereira;61;2024-06-11;Acabamento;;28;0
C036;Dr. Davi Lucas Azevedo;15;2024-06-11;Corte de Cabelo;;70;0
C221;João Felipe Almeida;14;2024-06-11;Corte de Cabelo;;70;0
C152;Heitor Vieira;69;2024-06-11;Corte de Cabelo;Balm;70;49
C188;Dr. Cauê Moraes;17;2024-06-12;Corte de Cabelo;Balm;70;49
C080;Anthony Souza;73;2024-06-12;Barba Modelada;;55;0
C023;Luiz Gustavo Moreira;55;2024-06-12;Combo 1;;110;0
C131;Enzo Gabriel Porto;36;2024-06-12;Barba Modelada;;55;0
C176;Lucas Gabriel Costela;69;2024-06-12;Combo 1;;110;0
C141;Noah Freitas;24;2024-06-12;Limpeza de pele;;45;0
C018;Benício das Neves;79;2024-06-12;Corte de Cabelo;Balm;70;49
C075;Thiago da Rosa;33;2024-06-12;Combo 1;Balm;110;49
C100;Marcos Vinicius Novaes;33;2024-06-12;Combo 2;;100;0
C227;Davi Luiz da Paz;61;2024-06-12;Barba Modelada;Balm;55;49
C209;Lorenzo Martins;37;2024-06-12;Combo 1;;110;0
C030;Lorenzo Santos;56;2024-06-12;Acabamento;;28;0
C027;Dr. Kaique Farias;37;2024-06-12;Barba Modelada;;55;0
C097;Nicolas Gomes;20;2024-06-13;Combo 1;;110;0
C011;Dr. Pedro Henrique Carvalho;56;2024-06-13;Combo 1;;110;0
C161;Luiz Miguel Sales;32;2024-06-13;Corte a Maquina;Shampoo de barba;55;49
C163;Thomas Cardoso;32;2024-06-13;Combo 1;Pomada de cabelo;110;89
C147;Miguel Alves;27;2024-06-13;Sobrancelha;;35;0
C232;Levi da Mota;45;2024-06-13;Combo 1;;110;0
C217;Thales Ferreira;33;2024-06-13;Corte a Maquina;;55;0
C143;Miguel da Cunha;15;2024-06-13;Combo 1;;110;0
C239;Danilo Pinto;19;2024-06-13;Depilação de orelha;;35;0
C250;Pedro Lucas Martins;71;2024-06-13;Barba Modelada;;55;0
C051;Lorenzo Fernandes;39;2024-06-13;Combo 1;;110;0
C079;João Guilherme Dias;36;2024-06-13;Corte de Cabelo;Shampoo de barba;70;49
C235;Augusto Peixoto;26;2024-06-13;Combo 1;;110;0
C152;Heitor Vieira;69;2024-06-14;Barba Modelada;;55;0
C238;Dr. Heitor da Costa;59;2024-06-14;Corte a Maquina;;55;0
C063;Marcos Vinicius da Mata;37;2024-06-14;Corte a Maquina;Pomada de cabelo;55;89
C241;Bruno Souza;25;2024-06-14;Corte de Cabelo;;70;0
C129;Eduardo Nunes;16;2024-06-14;Corte de Cabelo;Balm;70;49
C175;Diogo Almeida;35;2024-06-14;Depilação de nariz;;35;0
C201;Nathan Gonçalves;9;2024-06-14;Corte de Cabelo;;70;0
C097;Nicolas Gomes;20;2024-06-14;Combo 2;Pomada de cabelo;100;89
C075;Thiago da Rosa;33;2024-06-14;Hidratação;;70;0
C148;Sr. Enrico Teixeira;21;2024-06-14;Combo 1;Pomada de cabelo;110;89
C165;Vitor Novaes;12;2024-06-14;Combo 1;;110;0
C232;Levi da Mota;45;2024-06-14;Barba Modelada;Shampoo de barba;55;49
C244;Sr. Benjamin Moura;33;2024-06-15;Corte de Cabelo;;70;0
C174;Leonardo Novaes;23;2024-06-15;Depilação de nariz;;35;0
C064;Felipe Lopes;60;2024-06-15;Combo 1;;110;0
C178;Benício da Mata;56;2024-06-15;Corte de Cabelo;;70;0
C141;Noah Freitas;24;2024-06-15;Barba Modelada;Balm;55;49
C226;Pedro Henrique Jesus;54;2024-06-15;Limpeza de pele;;45;0
C021;Breno Nogueira;27;2024-06-15;Combo 1;;110;0
C086;Sr. Davi Lucas Vieira;42;2024-06-15;Corte a Maquina;;55;0
C063;Marcos Vinicius da Mata;37;2024-06-15;Combo 1;Balm;110;49
C073;Sr. Diogo da Luz;23;2024-06-15;Combo 1;;110;0
C185;Dr. Marcelo Silva;58;2024-06-15;Barba Modelada;Pomada de cabelo;55;89
C119;Erick Caldeira;78;2024-06-15;Corte de Cabelo;;70;0
C148;Sr. Enrico Teixeira;21;2024-06-15;Combo 1;Pomada de cabelo;110;89
C221;João Felipe Almeida;14;2024-06-15;Combo 1;;110;0
C212;Breno da Costa;71;2024-06-15;Combo 1;;110;0
C201;Nathan Gonçalves;9;2024-06-15;Corte de Cabelo;;70;0
C124;Dr. Gustavo Henrique Rodrigues;61;2024-06-15;Depilação de nariz;;35;0
C119;Erick Caldeira;78;2024-06-15;Combo 1;;110;0
C116;Lucca Moraes;21;2024-06-15;Acabamento;;28;0
C216;Thales Almeida;62;2024-06-16;Combo 1;;110;0
C105;João Vitor Cunha;56;2024-06-16;Hidratação;Shampoo de barba;70;49
C184;Sr. Alexandre Silva;49;2024-06-16;Corte de Cabelo;Pomada de cabelo;70;89
C182;Sr. Alexandre Azevedo;41;2024-06-16;Combo 1;Balm;110;49
C161;Luiz Miguel Sales;32;2024-06-16;Combo 1;;110;0
C212;Breno da Costa;71;2024-06-16;Barba Modelada;;55;0
C214;Gustavo Barbosa;75;2024-06-16;Acabamento;;28;0
C099;Lucas Gabriel Almeida;19;2024-06-16;Combo 1;Shampoo de barba;110;49
C172;Dr. Luiz Henrique Azevedo;62;2024-06-16;Corte de Cabelo;;70;0
C190;Luiz Felipe Carvalho;30;2024-06-16;Acabamento;Pomada de cabelo;28;89
C206;Sr. Bryan Rezende;11;2024-06-16;Combo 1;;110;0
C164;Nathan Cardoso;74;2024-06-17;Acabamento;;28;0
C196;Gabriel Peixoto;31;2024-06-17;Corte de Cabelo;;70;0
C196;Gabriel Peixoto;31;2024-06-17;Corte de Cabelo;;70;0
C088;Sr. Bruno Rocha;36;2024-06-17;Corte de Cabelo;;70;0
C127;Luiz Otávio da Rocha;72;2024-06-17;Combo 2;;100;0
C142;Enzo da Mota;66;2024-06-17;Hidratação;;70;0
C211;Cauê Almeida;29;2024-06-17;Corte de Cabelo;;70;0
C190;Luiz Felipe Carvalho;30;2024-06-17;Corte de Cabelo;Balm;70;49
C241;Bruno Souza;25;2024-06-17;Corte a Maquina;;55;0
C094;Felipe Barros;65;2024-06-17;Combo 2;;100;0
C110;Diego Moraes;19;2024-06-17;Corte de Cabelo;;70;0
C092;Marcos Vinicius Nogueira;42;2024-06-17;Barba Modelada;Shampoo de barba;55;49
C098;Dr. Nathan Viana;35;2024-06-17;Corte de Cabelo;Shampoo de barba;70;49
C085;João Lucas Azevedo;6;2024-06-17;Combo 1;;110;0
C023;Luiz Gustavo Moreira;55;2024-06-17;Corte de Cabelo;Shampoo de barba;70;49
C098;Dr. Nathan Viana;35;2024-06-17;Corte de Cabelo;;70;0
C032;Gabriel Teixeira;37;2024-06-17;Depilação de nariz;;35;0
C069;Pedro Henrique Pires;28;2024-06-18;Sobrancelha;;35;0
C061;Samuel da Luz;14;2024-06-18;Corte de Cabelo;;70;0
C214;Gustavo Barbosa;75;2024-06-18;Corte de Cabelo;;70;0
C092;Marcos Vinicius Nogueira;42;2024-06-18;Corte de Cabelo;;70;0
C058;Dr. Danilo Aragão;39;2024-06-18;Corte de Cabelo;;70;0
C036;Dr. Davi Lucas Azevedo;15;2024-06-18;Combo 1;;110;0
C159;João Ribeiro;48;2024-06-18;Depilação de nariz;;35;0
C137;Danilo Viana;60;2024-06-18;Depilação de orelha;;35;0
C143;Miguel da Cunha;15;2024-06-19;Corte de Cabelo;;70;0
C110;Diego Moraes;19;2024-06-19;Acabamento;Shampoo de barba;28;49
C048;Otávio Araújo;50;2024-06-19;Combo 1;;110;0
C116;Lucca Moraes;21;2024-06-19;Combo 1;Shampoo de barba;110;49
C105;João Vitor Cunha;56;2024-06-19;Sobrancelha;;35;0
C210;João Miguel da Paz;64;2024-06-19;Corte a Maquina;;55;0
C226;Pedro Henrique Jesus;54;2024-06-19;Acabamento;;28;0
C020;Sr. Calebe Peixoto;73;2024-06-19;Combo 2;;100;0
C087;Augusto Nunes;53;2024-06-19;Corte de Cabelo;;70;0
C124;Dr. Gustavo Henrique Rodrigues;61;2024-06-19;Combo 1;;110;0
C025;Dr. Leonardo Barros;59;2024-06-19;Corte de Cabelo;;70;0
C250;Pedro Lucas Martins;71;2024-06-19;Combo 1;;110;0
C122;Nathan Moura;50;2024-06-20;Barba Modelada;;55;0
C017;Alexandre das Neves;66;2024-06-20;Corte de Cabelo;;70;0
C087;Augusto Nunes;53;2024-06-20;Acabamento;;28;0
C214;Gustavo Barbosa;75;2024-06-20;Combo 1;;110;0
C150;Pedro Henrique Pereira;22;2024-06-20;Depilação de orelha;Shampoo de barba;35;49
C247;Dr. Danilo Caldeira;72;2024-06-20;Depilação de nariz;;35;0
C165;Vitor Novaes;12;2024-06-20;Combo 1;;110;0
C233;Sr. Thomas Silva;15;2024-06-20;Combo 1;;110;0
C034;João Moraes;29;2024-06-20;Combo 1;Balm;110;49
C116;Lucca Moraes;21;2024-06-20;Combo 1;;110;0
C032;Gabriel Teixeira;37;2024-06-21;Corte de Cabelo;;70;0
C164;Nathan Cardoso;74;2024-06-21;Combo 1;;110;0
C008;Dr. Calebe Caldeira;71;2024-06-21;Depilação de nariz;Pomada de cabelo;35;89
C189;Enzo Gomes;33;2024-06-21;Corte a Maquina;;55;0
C087;Augusto Nunes;53;2024-06-21;Combo 1;;110;0
C184;Sr. Alexandre Silva;49;2024-06-21;Corte de Cabelo;;70;0
C130;Dr. Luigi Ferreira;70;2024-06-21;Sobrancelha;;35;0
C095;João Lucas Barbosa;52;2024-06-21;Barba Modelada;Balm;55;49
C111;Antônio Alves;67;2024-06-21;Depilação de orelha;;35;0
C051;Lorenzo Fernandes;39;2024-06-21;Combo 1;;110;0
C143;Miguel da Cunha;15;2024-06-21;Combo 1;;110;0
C246;Sr. Cauê da Costa;58;2024-06-21;Corte de Cabelo;;70;0
C054;Joaquim Caldeira;26;2024-06-21;Combo 1;;110;0
C098;Dr. Nathan Viana;35;2024-06-21;Combo 1;;110;0
C055;Sr. Joaquim Cavalcanti;10;2024-06-22;Combo 1;Pomada de cabelo;110;89
C180;Bryan Azevedo;71;2024-06-22;Acabamento;;28;0
C151;Cauê Oliveira;71;2024-06-22;Combo 1;Balm;110;49
C142;Enzo da Mota;66;2024-06-22;Depilação de orelha;;35;0
C181;Dr. Enzo Gabriel Pinto;27;2024-06-22;Corte de Cabelo;;70;0
C091;Marcos Vinicius Castro;74;2024-06-22;Corte a Maquina;;55;0
C035;Cauê Pereira;45;2024-06-22;Combo 2;Pomada de cabelo;100;89
C074;Lucas Gabriel Azevedo;70;2024-06-22;Depilação de orelha;;35;0
C162;Breno da Paz;9;2024-06-23;Corte de Cabelo;;70;0
C086;Sr. Davi Lucas Vieira;42;2024-06-23;Corte de Cabelo;;70;0
C226;Pedro Henrique Jesus;54;2024-06-23;Combo 1;;110;0
C098;Dr. Nathan Viana;35;2024-06-23;Combo 1;Balm;110;49
C194;Kevin Silva;77;2024-06-23;Corte de Cabelo;;70;0
C059;Sr. Caio Teixeira;12;2024-06-23;Corte de Cabelo;Balm;70;49
C079;João Guilherme Dias;36;2024-06-23;Corte de Cabelo;;70;0
C140;Cauã Freitas;66;2024-06-23;Hidratação;;70;0
C200;Murilo Almeida;11;2024-06-23;Combo 1;;110;0
C054;Joaquim Caldeira;26;2024-06-23;Barba Modelada;;55;0
C209;Lorenzo Martins;37;2024-06-23;Corte de Cabelo;;70;0
C097;Nicolas Gomes;20;2024-06-23;Combo 1;;110;0
C227;Davi Luiz da Paz;61;2024-06-23;Corte de Cabelo;;70;0
C082;Yuri Teixeira;43;2024-06-24;Combo 1;;110;0
C178;Benício da Mata;56;2024-06-24;Depilação de orelha;;35;0
C105;João Vitor Cunha;56;2024-06-24;Limpeza de pele;;45;0
C070;Davi Luiz Fogaça;36;2024-06-24;Combo 1;;110;0
C117;Henrique Barros;22;2024-06-24;Corte de Cabelo;Shampoo de barba;70;49
C008;Dr. Calebe Caldeira;71;2024-06-24;Corte de Cabelo;;70;0
C023;Luiz Gustavo Moreira;55;2024-06-24;Acabamento;;28;0
C092;Marcos Vinicius Nogueira;42;2024-06-24;Combo 1;;110;0
C239;Danilo Pinto;19;2024-06-25;Corte de Cabelo;;70;0
C041;Arthur Silveira;46;2024-06-25;Combo 1;Shampoo de barba;110;49
C087;Augusto Nunes;53;2024-06-25;Barba Modelada;;55;0
C219;Lucca Nogueira;54;2024-06-25;Combo 1;;110;0
C094;Felipe Barros;65;2024-06-25;Corte de Cabelo;Shampoo de barba;70;49
C023;Luiz Gustavo Moreira;55;2024-06-25;Corte de Cabelo;Balm;70;49
C051;Lorenzo Fernandes;39;2024-06-25;Combo 1;;110;0
C201;Nathan Gonçalves;9;2024-06-25;Corte a Maquina;;55;0
C010;Benjamin Fernandes;77;2024-06-25;Corte de Cabelo;Pomada de cabelo;70;89
C047;Diogo Lima;17;2024-06-25;Combo 1;;110;0
C110;Diego Moraes;19;2024-06-25;Corte de Cabelo;;70;0
C027;Dr. Kaique Farias;37;2024-06-26;Limpeza de pele;;45;0
C035;Cauê Pereira;45;2024-06-26;Combo 2;;100;0
C230;Enzo Alves;9;2024-06-26;Corte a Maquina;;55;0
C179;Dr. Vitor Barbosa;29;2024-06-26;Combo 1;;110;0
C015;Theo Cardoso;29;2024-06-26;Combo 2;;100;0
C122;Nathan Moura;50;2024-06-27;Barba Modelada;;55;0
C040;Vinicius Nunes;47;2024-06-27;Corte de Cabelo;Balm;70;49
C062;Lorenzo da Paz;50;2024-06-27;Combo 1;Balm;110;49
C241;Bruno Souza;25;2024-06-27;Hidratação;Balm;70;49
C152;Heitor Vieira;69;2024-06-27;Corte de Cabelo;Balm;70;49
C183;Sr. Enrico das Neves;53;2024-06-27;Combo 1;;110;0
C229;Fernando Castro;14;2024-06-27;Corte a Maquina;Balm;55;49
C047;Diogo Lima;17;2024-06-27;Corte de Cabelo;;70;0
C079;João Guilherme Dias;36;2024-06-27;Corte de Cabelo;Pomada de cabelo;70;89
C086;Sr. Davi Lucas Vieira;42;2024-06-27;Limpeza de pele;Pomada de cabelo;45;89
C127;Luiz Otávio da Rocha;72;2024-06-27;Combo 1;;110;0
C224;Noah Nascimento;47;2024-06-27;Combo 1;;110;0
C059;Sr. Caio Teixeira;12;2024-06-28;Combo 1;;110;0
C175;Diogo Almeida;35;2024-06-28;Combo 1;;110;0
C142;Enzo da Mota;66;2024-06-28;Limpeza de pele;;45;0
C149;Enzo Gabriel Rocha;49;2024-06-28;Corte de Cabelo;;70;0
C216;Thales Almeida;62;2024-06-28;Corte de Cabelo;;70;0
C124;Dr. Gustavo Henrique Rodrigues;61;2024-06-28;Combo 1;;110;0
C078;Luiz Fernando Costa;50;2024-06-28;Barba Modelada;;55;0
C227;Davi Luiz da Paz;61;2024-06-28;Corte de Cabelo;;70;0
C055;Sr. Joaquim Cavalcanti;10;2024-06-28;Corte de Cabelo;;70;0
C161;Luiz Miguel Sales;32;2024-06-28;Combo 1;;110;0
C115;Bernardo Viana;16;2024-06-28;Corte a Maquina;Shampoo de barba;55;49
C066;Benício Moreira;22;2024-06-28;Combo 1;;110;0
C187;Ian Moraes;59;2024-06-28;Combo 2;;100;0
C235;Augusto Peixoto;26;2024-06-28;Corte de Cabelo;;70;0
C178;Benício da Mata;56;2024-06-28;Depilação de nariz;;35;0
C043;Dr. Kaique Campos;35;2024-06-29;Combo 1;Shampoo de barba;110;49
C107;Dr. Gabriel Souza;53;2024-06-29;Acabamento;;28;0
C183;Sr. Enrico das Neves;53;2024-06-29;Corte de Cabelo;;70;0
C246;Sr. Cauê da Costa;58;2024-06-29;Corte a Maquina;;55;0
C212;Breno da Costa;71;2024-06-29;Corte de Cabelo;;70;0
C171;Erick Ferreira;18;2024-06-29;Barba Modelada;Balm;55;49
C073;Sr. Diogo da Luz;23;2024-06-29;Corte a Maquina;;55;0
C069;Pedro Henrique Pires;28;2024-06-29;Combo 1;Balm;110;49
C212;Breno da Costa;71;2024-06-29;Acabamento;;28;0
C213;Sr. Luiz Henrique da Conceição;18;2024-06-29;Hidratação;Balm;70;49
C241;Bruno Souza;25;2024-06-29;Hidratação;;70;0
C170;Dr. Noah Farias;18;2024-06-29;Corte a Maquina;Pomada de cabelo;55;89
C029;Pedro Miguel da Cunha;22;2024-06-29;Depilação de nariz;;35;0
C237;Luiz Gustavo Gonçalves;70;2024-06-29;Combo 2;Pomada de cabelo;100;89
C201;Nathan Gonçalves;9;2024-06-29;Corte de Cabelo;;70;0
C039;Paulo Cardoso;14;2024-06-30;Corte de Cabelo;;70;0
C050;Pedro Henrique Fogaça;72;2024-06-30;Hidratação;;70;0
C091;Marcos Vinicius Castro;74;2024-06-30;Depilação de orelha;;35;0
C198;Dr. Luiz Miguel Vieira;30;2024-06-30;Barba Modelada;;55;0
C039;Paulo Cardoso;14;2024-06-30;Corte de Cabelo;;70;0
C068;Thomas Melo;47;2024-06-30;Depilação de orelha;Shampoo de barba;35;49
C184;Sr. Alexandre Silva;49;2024-06-30;Corte de Cabelo;;70;0
C084;Nicolas Oliveira;31;2024-07-01;Combo 1;;110;0
C086;Sr. Davi Lucas Vieira;42;2024-07-01;Combo 2;Pomada de cabelo;100;89
C042;João Vitor Cardoso;79;2024-07-01;Combo 1;;110;0
C122;Nathan Moura;50;2024-07-01;Limpeza de pele;;45;0
C185;Dr. Marcelo Silva;58;2024-07-01;Combo 1;Balm;110;49
C122;Nathan Moura;50;2024-07-01;Barba Modelada;Balm;55;49
C163;Thomas Cardoso;32;2024-07-01;Corte de Cabelo;;70;0
C171;Erick Ferreira;18;2024-07-01;Depilação de nariz;;35;0
C048;Otávio Araújo;50;2024-07-01;Barba Modelada;Balm;55;49
C137;Danilo Viana;60;2024-07-01;Corte de Cabelo;;70;0
C022;Danilo Fernandes;71;2024-07-01;Sobrancelha;;35;0
C072;João Lucas Cunha;79;2024-07-01;Corte de Cabelo;;70;0
C194;Kevin Silva;77;2024-07-01;Combo 1;;110;0
C119;Erick Caldeira;78;2024-07-02;Corte a Maquina;;55;0
C125;Dr. Daniel Cardoso;69;2024-07-02;Corte de Cabelo;;70;0
C128;Gustavo Henrique Cardoso;3;2024-07-02;Corte de Cabelo;Shampoo de barba;70;49
C114;João Gabriel da Mota;8;2024-07-02;Corte a Maquina;;55;0
C049;Emanuel Oliveira;12;2024-07-02;Corte de Cabelo;;70;0
C246;Sr. Cauê da Costa;58;2024-07-02;Corte a Maquina;Pomada de cabelo;55;89
C197;Dr. Lucca Porto;77;2024-07-02;Combo 1;;110;0
C164;Nathan Cardoso;74;2024-07-02;Corte de Cabelo;;70;0
C173;Lucca da Paz;72;2024-07-02;Hidratação;;70;0
C056;Marcos Vinicius Lima;7;2024-07-02;Combo 1;Shampoo de barba;110;49
C112;Dr. Erick Ferreira;65;2024-07-02;Combo 1;;110;0
C050;Pedro Henrique Fogaça;72;2024-07-02;Barba Modelada;;55;0
C033;Marcelo Ribeiro;21;2024-07-02;Combo 1;Balm;110;49
C202;Breno Vieira;31;2024-07-02;Depilação de orelha;;35;0
C040;Vinicius Nunes;47;2024-07-02;Combo 1;;110;0
C026;João Felipe Cavalcanti;77;2024-07-02;Combo 1;;110;0
C211;Cauê Almeida;29;2024-07-03;Barba Modelada;Balm;55;49
C070;Davi Luiz Fogaça;36;2024-07-03;Combo 1;;110;0
C136;Dr. Levi Cunha;22;2024-07-03;Corte de Cabelo;;70;0
C155;Dr. Davi Lucca Aragão;43;2024-07-03;Corte de Cabelo;;70;0
C044;Francisco da Cruz;7;2024-07-03;Corte de Cabelo;Balm;70;49
C216;Thales Almeida;62;2024-07-03;Barba Modelada;;55;0
C195;Dr. João Felipe Lopes;72;2024-07-03;Combo 1;;110;0
C177;Thiago Melo;79;2024-07-03;Corte de Cabelo;;70;0
C070;Davi Luiz Fogaça;36;2024-07-03;Corte de Cabelo;;70;0
C011;Dr. Pedro Henrique Carvalho;56;2024-07-03;Sobrancelha;;35;0
C086;Sr. Davi Lucas Vieira;42;2024-07-04;Limpeza de pele;Pomada de cabelo;45;89
C210;João Miguel da Paz;64;2024-07-04;Hidratação;Pomada de cabelo;70;89
C226;Pedro Henrique Jesus;54;2024-07-04;Combo 1;Balm;110;49
C004;Sr. Davi Luiz Gomes;33;2024-07-04;Depilação de orelha;Shampoo de barba;35;49
C243;Diogo Ribeiro;61;2024-07-04;Sobrancelha;;35;0
C151;Cauê Oliveira;71;2024-07-04;Barba Modelada;;55;0
C232;Levi da Mota;45;2024-07-04;Corte de Cabelo;Pomada de cabelo;70;89
C124;Dr. Gustavo Henrique Rodrigues;61;2024-07-04;Barba Modelada;Balm;55;49
C081;Pedro Henrique da Cruz;30;2024-07-04;Sobrancelha;;35;0
C005;Dr. Enrico Ribeiro;30;2024-07-04;Barba Modelada;;55;0
C177;Thiago Melo;79;2024-07-04;Combo 1;;110;0
C182;Sr. Alexandre Azevedo;41;2024-07-04;Combo 2;;100;0
C015;Theo Cardoso;29;2024-07-04;Acabamento;;28;0
C208;João Pedro Teixeira;32;2024-07-04;Limpeza de pele;;45;0
C064;Felipe Lopes;60;2024-07-04;Combo 1;;110;0
C236;Eduardo Ramos;26;2024-07-05;Corte de Cabelo;;70;0
C212;Breno da Costa;71;2024-07-05;Combo 1;;110;0
C245;Sr. Joaquim Martins;11;2024-07-05;Combo 1;;110;0
C132;João Vitor Azevedo;45;2024-07-05;Corte a Maquina;;55;0
C183;Sr. Enrico das Neves;53;2024-07-05;Combo 2;;100;0
C098;Dr. Nathan Viana;35;2024-07-05;Barba Modelada;;55;0
C105;João Vitor Cunha;56;2024-07-05;Combo 1;;110;0
C168;Bruno Pires;10;2024-07-05;Corte de Cabelo;;70;0
C076;Marcelo Mendes;22;2024-07-05;Corte a Maquina;;55;0
C190;Luiz Felipe Carvalho;30;2024-07-05;Combo 1;Shampoo de barba;110;49
C150;Pedro Henrique Pereira;22;2024-07-05;Corte de Cabelo;Pomada de cabelo;70;89
C198;Dr. Luiz Miguel Vieira;30;2024-07-05;Corte de Cabelo;;70;0
C093;Calebe Dias;29;2024-07-05;Corte de Cabelo;;70;0
C104;Lucas Gabriel Gomes;76;2024-07-05;Corte de Cabelo;;70;0
C045;Luiz Gustavo Oliveira;60;2024-07-06;Combo 1;;110;0
C155;Dr. Davi Lucca Aragão;43;2024-07-06;Combo 1;;110;0
C042;João Vitor Cardoso;79;2024-07-06;Corte de Cabelo;;70;0
C221;João Felipe Almeida;14;2024-07-06;Corte de Cabelo;;70;0
C074;Lucas Gabriel Azevedo;70;2024-07-06;Depilação de orelha;;35;0
C181;Dr. Enzo Gabriel Pinto;27;2024-07-06;Limpeza de pele;;45;0
C146;Sr. Davi Luiz Cardoso;79;2024-07-06;Combo 1;;110;0
C242;Davi Novaes;37;2024-07-06;Depilação de orelha;;35;0
C008;Dr. Calebe Caldeira;71;2024-07-06;Limpeza de pele;;45;0
C133;Kevin Silva;16;2024-07-06;Corte de Cabelo;Balm;70;49
C229;Fernando Castro;14;2024-07-06;Combo 1;;110;0
C099;Lucas Gabriel Almeida;19;2024-07-07;Barba Modelada;;55;0
C160;Noah Porto;41;2024-07-07;Depilação de orelha;Shampoo de barba;35;49
C062;Lorenzo da Paz;50;2024-07-07;Combo 1;;110;0
C073;Sr. Diogo da Luz;23;2024-07-07;Barba Modelada;;55;0
C214;Gustavo Barbosa;75;2024-07-07;Combo 2;;100;0
C203;Renan da Mota;10;2024-07-07;Combo 1;Balm;110;49
C245;Sr. Joaquim Martins;11;2024-07-07;Corte a Maquina;Shampoo de barba;55;49
C045;Luiz Gustavo Oliveira;60;2024-07-07;Sobrancelha;Shampoo de barba;35;49
C109;Luiz Otávio Santos;30;2024-07-07;Corte de Cabelo;;70;0
C195;Dr. João Felipe Lopes;72;2024-07-07;Corte de Cabelo;;70;0
C045;Luiz Gustavo Oliveira;60;2024-07-07;Sobrancelha;;35;0
C188;Dr. Cauê Moraes;17;2024-07-07;Combo 1;;110;0
C094;Felipe Barros;65;2024-07-08;Barba Modelada;Pomada de cabelo;55;89
C095;João Lucas Barbosa;52;2024-07-08;Combo 1;;110;0
C145;Pedro Henrique Vieira;66;2024-07-08;Combo 2;;100;0
C102;Kevin Moraes;70;2024-07-08;Combo 1;;110;0
C237;Luiz Gustavo Gonçalves;70;2024-07-08;Corte de Cabelo;;70;0
C178;Benício da Mata;56;2024-07-08;Corte de Cabelo;;70;0
C105;João Vitor Cunha;56;2024-07-08;Corte a Maquina;;55;0
C244;Sr. Benjamin Moura;33;2024-07-08;Combo 2;Balm;100;49
C220;Lorenzo Alves;26;2024-07-08;Combo 2;;100;0
C140;Cauã Freitas;66;2024-07-08;Sobrancelha;;35;0
C150;Pedro Henrique Pereira;22;2024-07-08;Depilação de orelha;Balm;35;49
C246;Sr. Cauê da Costa;58;2024-07-08;Acabamento;;28;0
C205;Luiz Felipe Almeida;44;2024-07-08;Corte de Cabelo;Pomada de cabelo;70;89
C142;Enzo da Mota;66;2024-07-09;Combo 1;;110;0
C084;Nicolas Oliveira;31;2024-07-09;Corte de Cabelo;;70;0
C055;Sr. Joaquim Cavalcanti;10;2024-07-09;Combo 1;;110;0
C040;Vinicius Nunes;47;2024-07-09;Hidratação;;70;0
C216;Thales Almeida;62;2024-07-09;Corte a Maquina;;55;0
C172;Dr. Luiz Henrique Azevedo;62;2024-07-09;Depilação de orelha;;35;0
C140;Cauã Freitas;66;2024-07-09;Combo 1;;110;0
C016;Levi Pereira;31;2024-07-09;Sobrancelha;Shampoo de barba;35;49
C043;Dr. Kaique Campos;35;2024-07-09;Combo 1;Shampoo de barba;110;49
C200;Murilo Almeida;11;2024-07-09;Corte de Cabelo;Shampoo de barba;70;49
C057;Sr. Juan Cavalcanti;31;2024-07-09;Corte a Maquina;;55;0
C243;Diogo Ribeiro;61;2024-07-09;Corte de Cabelo;;70;0
C124;Dr. Gustavo Henrique Rodrigues;61;2024-07-10;Hidratação;;70;0
C223;Samuel Souza;57;2024-07-10;Combo 1;;110;0
C174;Leonardo Novaes;23;2024-07-10;Corte de Cabelo;;70;0
C168;Bruno Pires;10;2024-07-10;Corte a Maquina;;55;0
C231;Francisco Vieira;53;2024-07-10;Depilação de nariz;;35;0
C042;João Vitor Cardoso;79;2024-07-10;Barba Modelada;;55;0
C231;Francisco Vieira;53;2024-07-10;Combo 1;Balm;110;49
C054;Joaquim Caldeira;26;2024-07-10;Combo 1;;110;0
C178;Benício da Mata;56;2024-07-10;Sobrancelha;;35;0
C009;Matheus da Cunha;13;2024-07-11;Combo 1;Balm;110;49
C055;Sr. Joaquim Cavalcanti;10;2024-07-11;Combo 1;;110;0
C222;Antônio Carvalho;14;2024-07-11;Corte de Cabelo;;70;0
C181;Dr. Enzo Gabriel Pinto;27;2024-07-11;Combo 2;Shampoo de barba;100;49
C079;João Guilherme Dias;36;2024-07-11;Corte de Cabelo;;70;0
C057;Sr. Juan Cavalcanti;31;2024-07-11;Sobrancelha;;35;0
C151;Cauê Oliveira;71;2024-07-11;Barba Modelada;;55;0
C056;Marcos Vinicius Lima;7;2024-07-11;Combo 1;;110;0
C040;Vinicius Nunes;47;2024-07-11;Combo 2;;100;0
C080;Anthony Souza;73;2024-07-11;Barba Modelada;;55;0
C111;Antônio Alves;67;2024-07-12;Depilação de nariz;Pomada de cabelo;35;89
C141;Noah Freitas;24;2024-07-12;Combo 1;;110;0
C071;Rafael Mendes;11;2024-07-12;Combo 1;Shampoo de barba;110;49
C021;Breno Nogueira;27;2024-07-12;Corte de Cabelo;Shampoo de barba;70;49
C018;Benício das Neves;79;2024-07-12;Barba Modelada;Shampoo de barba;55;49
C169;Alexandre Gomes;70;2024-07-12;Barba Modelada;Balm;55;49
C200;Murilo Almeida;11;2024-07-12;Combo 1;;110;0
C067;João Felipe Monteiro;49;2024-07-12;Corte de Cabelo;;70;0
C075;Thiago da Rosa;33;2024-07-12;Corte de Cabelo;;70;0
C196;Gabriel Peixoto;31;2024-07-12;Combo 1;;110;0
C180;Bryan Azevedo;71;2024-07-12;Corte de Cabelo;;70;0
C220;Lorenzo Alves;26;2024-07-13;Combo 2;;100;0
C011;Dr. Pedro Henrique Carvalho;56;2024-07-13;Depilação de orelha;;35;0
C065;Vinicius Aragão;48;2024-07-13;Combo 2;Pomada de cabelo;100;89
C135;Lucas Costa;57;2024-07-13;Corte de Cabelo;;70;0
C196;Gabriel Peixoto;31;2024-07-13;Barba Modelada;;55;0
C116;Lucca Moraes;21;2024-07-13;Barba Modelada;;55;0
C159;João Ribeiro;48;2024-07-13;Combo 2;;100;0
C222;Antônio Carvalho;14;2024-07-13;Combo 1;;110;0
C142;Enzo da Mota;66;2024-07-13;Corte a Maquina;;55;0
C208;João Pedro Teixeira;32;2024-07-13;Depilação de nariz;Shampoo de barba;35;49
C070;Davi Luiz Fogaça;36;2024-07-13;Limpeza de pele;;45;0
C093;Calebe Dias;29;2024-07-13;Acabamento;;28;0
C052;Pedro Miguel Sales;48;2024-07-13;Barba Modelada;;55;0
C006;Dr. Davi Peixoto;19;2024-07-14;Combo 1;;110;0
C241;Bruno Souza;25;2024-07-14;Corte de Cabelo;;70;0
C063;Marcos Vinicius da Mata;37;2024-07-14;Limpeza de pele;;45;0
C182;Sr. Alexandre Azevedo;41;2024-07-14;Combo 1;;110;0
C016;Levi Pereira;31;2024-07-14;Combo 1;;110;0
C093;Calebe Dias;29;2024-07-14;Corte de Cabelo;;70;0
C214;Gustavo Barbosa;75;2024-07-14;Depilação de nariz;;35;0
C127;Luiz Otávio da Rocha;72;2024-07-14;Corte a Maquina;;55;0
C239;Danilo Pinto;19;2024-07-14;Corte a Maquina;;55;0
C093;Calebe Dias;29;2024-07-14;Corte de Cabelo;Pomada de cabelo;70;89
C170;Dr. Noah Farias;18;2024-07-14;Barba Modelada;Pomada de cabelo;55;89
C100;Marcos Vinicius Novaes;33;2024-07-14;Barba Modelada;;55;0
C040;Vinicius Nunes;47;2024-07-14;Combo 2;;100;0
C077;Igor Pereira;61;2024-07-14;Barba Modelada;;55;0
C140;Cauã Freitas;66;2024-07-14;Depilação de orelha;;35;0
C111;Antônio Alves;67;2024-07-14;Corte de Cabelo;;70;0
C095;João Lucas Barbosa;52;2024-07-15;Depilação de orelha;Shampoo de barba;35;49
C244;Sr. Benjamin Moura;33;2024-07-15;Combo 2;;100;0
C016;Levi Pereira;31;2024-07-15;Corte a Maquina;;55;0
C175;Diogo Almeida;35;2024-07-15;Corte de Cabelo;;70;0
C184;Sr. Alexandre Silva;49;2024-07-15;Limpeza de pele;;45;0
C137;Danilo Viana;60;2024-07-15;Corte de Cabelo;;70;0
C025;Dr. Leonardo Barros;59;2024-07-15;Corte a Maquina;Shampoo de barba;55;49
C107;Dr. Gabriel Souza;53;2024-07-15;Combo 1;;110;0
C043;Dr. Kaique Campos;35;2024-07-15;Combo 1;;110;0
C212;Breno da Costa;71;2024-07-15;Depilação de nariz;;35;0
C129;Eduardo Nunes;16;2024-07-15;Corte de Cabelo;;70;0
C009;Matheus da Cunha;13;2024-07-15;Corte a Maquina;Pomada de cabelo;55;89
C041;Arthur Silveira;46;2024-07-15;Depilação de nariz;;35;0
C110;Diego Moraes;19;2024-07-15;Corte a Maquina;;55;0
C047;Diogo Lima;17;2024-07-15;Corte de Cabelo;;70;0
C244;Sr. Benjamin Moura;33;2024-07-15;Corte a Maquina;;55;0
C227;Davi Luiz da Paz;61;2024-07-15;Combo 1;;110;0
C038;Sr. João Miguel Alves;50;2024-07-15;Combo 1;Shampoo de barba;110;49
C051;Lorenzo Fernandes;39;2024-07-16;Corte de Cabelo;Balm;70;49
C198;Dr. Luiz Miguel Vieira;30;2024-07-16;Corte de Cabelo;Balm;70;49
C006;Dr. Davi Peixoto;19;2024-07-16;Combo 2;Balm;100;49
C040;Vinicius Nunes;47;2024-07-16;Corte a Maquina;;55;0
C222;Antônio Carvalho;14;2024-07-16;Combo 1;;110;0
C173;Lucca da Paz;72;2024-07-16;Corte de Cabelo;;70;0
C009;Matheus da Cunha;13;2024-07-16;Corte de Cabelo;;70;0
C082;Yuri Teixeira;43;2024-07-16;Acabamento;;28;0
C181;Dr. Enzo Gabriel Pinto;27;2024-07-16;Corte a Maquina;Shampoo de barba;55;49
C212;Breno da Costa;71;2024-07-16;Barba Modelada;;55;0
C038;Sr. João Miguel Alves;50;2024-07-16;Acabamento;;28;0
C134;Heitor Moura;39;2024-07-16;Combo 2;;100;0
C179;Dr. Vitor Barbosa;29;2024-07-16;Barba Modelada;;55;0
C121;Eduardo Nascimento;51;2024-07-16;Combo 1;Pomada de cabelo;110;89
C093;Calebe Dias;29;2024-07-16;Corte a Maquina;Shampoo de barba;55;49
C215;Dr. Luiz Gustavo da Luz;75;2024-07-16;Acabamento;;28;0
C227;Davi Luiz da Paz;61;2024-07-17;Barba Modelada;;55;0
C207;Pietro Caldeira;67;2024-07-17;Corte a Maquina;Balm;55;49
C076;Marcelo Mendes;22;2024-07-17;Corte a Maquina;;55;0
C126;Davi da Cunha;34;2024-07-17;Corte de Cabelo;Shampoo de barba;70;49
C219;Lucca Nogueira;54;2024-07-17;Corte de Cabelo;Balm;70;49
C210;João Miguel da Paz;64;2024-07-17;Combo 1;;110;0
C216;Thales Almeida;62;2024-07-17;Sobrancelha;;35;0
C023;Luiz Gustavo Moreira;55;2024-07-17;Combo 2;;100;0
C124;Dr. Gustavo Henrique Rodrigues;61;2024-07-17;Combo 1;;110;0
C094;Felipe Barros;65;2024-07-17;Combo 1;;110;0
C034;João Moraes;29;2024-07-17;Barba Modelada;;55;0
C102;Kevin Moraes;70;2024-07-18;Combo 2;;100;0
C109;Luiz Otávio Santos;30;2024-07-18;Depilação de nariz;Pomada de cabelo;35;89
C007;Enzo Pires;15;2024-07-18;Combo 1;Pomada de cabelo;110;89
C230;Enzo Alves;9;2024-07-18;Corte de Cabelo;Balm;70;49
C086;Sr. Davi Lucas Vieira;42;2024-07-18;Limpeza de pele;;45;0
C145;Pedro Henrique Vieira;66;2024-07-18;Depilação de nariz;;35;0
C133;Kevin Silva;16;2024-07-18;Combo 1;Pomada de cabelo;110;89
C031;Emanuel Farias;45;2024-07-18;Limpeza de pele;;45;0
C098;Dr. Nathan Viana;35;2024-07-18;Barba Modelada;;55;0
C073;Sr. Diogo da Luz;23;2024-07-18;Barba Modelada;Shampoo de barba;55;49
C098;Dr. Nathan Viana;35;2024-07-18;Barba Modelada;;55;0
C023;Luiz Gustavo Moreira;55;2024-07-19;Depilação de orelha;;35;0
C213;Sr. Luiz Henrique da Conceição;18;2024-07-19;Barba Modelada;;55;0
C226;Pedro Henrique Jesus;54;2024-07-19;Depilação de orelha;;35;0
C159;João Ribeiro;48;2024-07-19;Corte de Cabelo;;70;0
C149;Enzo Gabriel Rocha;49;2024-07-19;Corte de Cabelo;;70;0
C195;Dr. João Felipe Lopes;72;2024-07-19;Hidratação;;70;0
C180;Bryan Azevedo;71;2024-07-19;Sobrancelha;;35;0
C212;Breno da Costa;71;2024-07-19;Corte de Cabelo;;70;0
C216;Thales Almeida;62;2024-07-19;Combo 1;;110;0
C211;Cauê Almeida;29;2024-07-19;Depilação de nariz;;35;0
C238;Dr. Heitor da Costa;59;2024-07-19;Limpeza de pele;;45;0
C034;João Moraes;29;2024-07-19;Combo 1;;110;0
C119;Erick Caldeira;78;2024-07-19;Combo 1;;110;0
C097;Nicolas Gomes;20;2024-07-19;Barba Modelada;;55;0
C190;Luiz Felipe Carvalho;30;2024-07-20;Combo 2;Pomada de cabelo;100;89
C093;Calebe Dias;29;2024-07-20;Combo 1;;110;0
C225;Sr. João Felipe Pires;56;2024-07-20;Depilação de nariz;;35;0
C051;Lorenzo Fernandes;39;2024-07-20;Corte de Cabelo;Pomada de cabelo;70;89
C168;Bruno Pires;10;2024-07-20;Corte de Cabelo;;70;0
C102;Kevin Moraes;70;2024-07-20;Combo 1;Balm;110;49
C040;Vinicius Nunes;47;2024-07-20;Combo 1;;110;0
C015;Theo Cardoso;29;2024-07-20;Corte de Cabelo;Balm;70;49
C214;Gustavo Barbosa;75;2024-07-20;Depilação de nariz;;35;0
C186;Rodrigo Castro;68;2024-07-20;Corte a Maquina;;55;0
C215;Dr. Luiz Gustavo da Luz;75;2024-07-20;Combo 1;;110;0
C117;Henrique Barros;22;2024-07-21;Combo 1;;110;0
C240;Benjamin Lima;56;2024-07-21;Corte de Cabelo;Shampoo de barba;70;49
C179;Dr. Vitor Barbosa;29;2024-07-21;Barba Modelada;;55;0
C172;Dr. Luiz Henrique Azevedo;62;2024-07-21;Barba Modelada;Balm;55;49
C160;Noah Porto;41;2024-07-21;Combo 1;;110;0
C041;Arthur Silveira;46;2024-07-21;Corte de Cabelo;;70;0
C138;Cauã Teixeira;2;2024-07-21;Corte de Cabelo;;70;0
C121;Eduardo Nascimento;51;2024-07-21;Combo 1;;110;0
C153;Yuri Cardoso;2;2024-07-21;Combo 1;;110;0
C073;Sr. Diogo da Luz;23;2024-07-21;Barba Modelada;;55;0
C002;Raul da Rocha;5;2024-07-21;Corte a Maquina;;55;0
C064;Felipe Lopes;60;2024-07-21;Corte de Cabelo;;70;0
C187;Ian Moraes;59;2024-07-21;Corte de Cabelo;Shampoo de barba;70;49
C120;Gabriel Rodrigues;10;2024-07-21;Combo 1;Balm;110;49
C098;Dr. Nathan Viana;35;2024-07-21;Combo 1;Shampoo de barba;110;49
C216;Thales Almeida;62;2024-07-21;Corte de Cabelo;Shampoo de barba;70;49
C134;Heitor Moura;39;2024-07-21;Corte de Cabelo;;70;0
C115;Bernardo Viana;16;2024-07-21;Corte de Cabelo;;70;0
C121;Eduardo Nascimento;51;2024-07-22;Combo 1;Shampoo de barba;110;49
C224;Noah Nascimento;47;2024-07-22;Corte de Cabelo;;70;0
C229;Fernando Castro;14;2024-07-22;Combo 1;;110;0
C104;Lucas Gabriel Gomes;76;2024-07-22;Corte a Maquina;Balm;55;49
C084;Nicolas Oliveira;31;2024-07-22;Corte de Cabelo;;70;0
C161;Luiz Miguel Sales;32;2024-07-22;Combo 2;;100;0
C164;Nathan Cardoso;74;2024-07-22;Hidratação;;70;0
C117;Henrique Barros;22;2024-07-22;Combo 1;;110;0
C011;Dr. Pedro Henrique Carvalho;56;2024-07-22;Corte a Maquina;Pomada de cabelo;55;89
C116;Lucca Moraes;21;2024-07-22;Barba Modelada;;55;0
C147;Miguel Alves;27;2024-07-23;Combo 2;Shampoo de barba;100;49
C248;Bernardo Rocha;14;2024-07-23;Combo 1;;110;0
C011;Dr. Pedro Henrique Carvalho;56;2024-07-23;Combo 1;Pomada de cabelo;110;89
C077;Igor Pereira;61;2024-07-23;Depilação de orelha;;35;0
C136;Dr. Levi Cunha;22;2024-07-23;Corte de Cabelo;;70;0
C053;Guilherme Fogaça;75;2024-07-23;Barba Modelada;;55;0
C083;Samuel Azevedo;9;2024-07-23;Corte a Maquina;;55;0
C003;Dr. Daniel Vieira;37;2024-07-23;Barba Modelada;;55;0
C196;Gabriel Peixoto;31;2024-07-23;Acabamento;;28;0
C086;Sr. Davi Lucas Vieira;42;2024-07-23;Depilação de nariz;;35;0
C082;Yuri Teixeira;43;2024-07-23;Corte de Cabelo;;70;0
C181;Dr. Enzo Gabriel Pinto;27;2024-07-23;Combo 2;;100;0
C127;Luiz Otávio da Rocha;72;2024-07-23;Corte de Cabelo;;70;0
C237;Luiz Gustavo Gonçalves;70;2024-07-23;Combo 1;;110;0
C074;Lucas Gabriel Azevedo;70;2024-07-24;Combo 1;;110;0
C053;Guilherme Fogaça;75;2024-07-24;Corte de Cabelo;Balm;70;49
C088;Sr. Bruno Rocha;36;2024-07-24;Barba Modelada;;55;0
C105;João Vitor Cunha;56;2024-07-24;Corte de Cabelo;;70;0
C151;Cauê Oliveira;71;2024-07-24;Corte a Maquina;Pomada de cabelo;55;89
C076;Marcelo Mendes;22;2024-07-24;Combo 1;;110;0
C008;Dr. Calebe Caldeira;71;2024-07-24;Depilação de nariz;;35;0
C167;Marcos Vinicius Ferreira;64;2024-07-24;Depilação de orelha;;35;0
C167;Marcos Vinicius Ferreira;64;2024-07-24;Depilação de nariz;;35;0
C156;João Felipe das Neves;64;2024-07-24;Combo 2;;100;0
C128;Gustavo Henrique Cardoso;3;2024-07-24;Combo 1;;110;0
C172;Dr. Luiz Henrique Azevedo;62;2024-07-25;Combo 1;;110;0
C040;Vinicius Nunes;47;2024-07-25;Depilação de nariz;Balm;35;49
C217;Thales Ferreira;33;2024-07-25;Hidratação;;70;0
C027;Dr. Kaique Farias;37;2024-07-25;Limpeza de pele;;45;0
C243;Diogo Ribeiro;61;2024-07-25;Combo 1;;110;0
C031;Emanuel Farias;45;2024-07-26;Barba Modelada;;55;0
C030;Lorenzo Santos;56;2024-07-26;Acabamento;;28;0
C223;Samuel Souza;57;2024-07-26;Combo 1;;110;0
C132;João Vitor Azevedo;45;2024-07-26;Combo 1;Shampoo de barba;110;49
C241;Bruno Souza;25;2024-07-26;Combo 1;Pomada de cabelo;110;89
C150;Pedro Henrique Pereira;22;2024-07-26;Corte a Maquina;Shampoo de barba;55;49
C231;Francisco Vieira;53;2024-07-26;Corte a Maquina;;55;0
C189;Enzo Gomes;33;2024-07-26;Combo 1;;110;0
C186;Rodrigo Castro;68;2024-07-26;Combo 1;;110;0
C024;Breno das Neves;30;2024-07-26;Barba Modelada;;55;0
C058;Dr. Danilo Aragão;39;2024-07-26;Corte de Cabelo;;70;0
C114;João Gabriel da Mota;8;2024-07-27;Corte de Cabelo;;70;0
C153;Yuri Cardoso;2;2024-07-27;Corte de Cabelo;Balm;70;49
C246;Sr. Cauê da Costa;58;2024-07-27;Combo 1;;110;0
C059;Sr. Caio Teixeira;12;2024-07-27;Combo 1;;110;0
C128;Gustavo Henrique Cardoso;3;2024-07-27;Combo 1;Shampoo de barba;110;49
C067;João Felipe Monteiro;49;2024-07-27;Depilação de nariz;Shampoo de barba;35;49
C167;Marcos Vinicius Ferreira;64;2024-07-27;Corte a Maquina;;55;0
C243;Diogo Ribeiro;61;2024-07-27;Combo 1;Pomada de cabelo;110;89
C097;Nicolas Gomes;20;2024-07-27;Corte de Cabelo;Balm;70;49
C173;Lucca da Paz;72;2024-07-28;Combo 1;;110;0
C184;Sr. Alexandre Silva;49;2024-07-28;Combo 2;Balm;100;49
C112;Dr. Erick Ferreira;65;2024-07-28;Combo 2;;100;0
C020;Sr. Calebe Peixoto;73;2024-07-28;Barba Modelada;;55;0
C048;Otávio Araújo;50;2024-07-28;Combo 2;;100;0
C006;Dr. Davi Peixoto;19;2024-07-28;Hidratação;;70;0
C015;Theo Cardoso;29;2024-07-28;Acabamento;Pomada de cabelo;28;89
C123;Diogo Mendes;78;2024-07-28;Combo 1;;110;0
C139;Luiz Felipe Pinto;35;2024-07-28;Combo 1;Balm;110;49
C058;Dr. Danilo Aragão;39;2024-07-28;Corte de Cabelo;;70;0
C165;Vitor Novaes;12;2024-07-29;Corte de Cabelo;Shampoo de barba;70;49
C046;Calebe das Neves;70;2024-07-29;Limpeza de pele;;45;0
C197;Dr. Lucca Porto;77;2024-07-29;Corte a Maquina;;55;0
C096;Enzo Moreira;60;2024-07-29;Corte de Cabelo;;70;0
C045;Luiz Gustavo Oliveira;60;2024-07-29;Combo 1;;110;0
C142;Enzo da Mota;66;2024-07-29;Acabamento;Balm;28;49
C028;Davi Lucas da Costa;2;2024-07-29;Corte de Cabelo;;70;0
C021;Breno Nogueira;27;2024-07-29;Combo 1;;110;0
C054;Joaquim Caldeira;26;2024-07-29;Acabamento;;28;0
C114;João Gabriel da Mota;8;2024-07-29;Corte a Maquina;;55;0
C003;Dr. Daniel Vieira;37;2024-07-29;Combo 2;;100;0
C105;João Vitor Cunha;56;2024-07-29;Corte de Cabelo;;70;0
C177;Thiago Melo;79;2024-07-30;Barba Modelada;;55;0
C116;Lucca Moraes;21;2024-07-30;Corte de Cabelo;;70;0
C210;João Miguel da Paz;64;2024-07-30;Corte de Cabelo;;70;0
C182;Sr. Alexandre Azevedo;41;2024-07-30;Barba Modelada;;55;0
C087;Augusto Nunes;53;2024-07-30;Barba Modelada;;55;0
C075;Thiago da Rosa;33;2024-07-30;Corte de Cabelo;;70;0
C026;João Felipe Cavalcanti;77;2024-07-30;Sobrancelha;;35;0
C050;Pedro Henrique Fogaça;72;2024-07-30;Combo 2;;100;0
C120;Gabriel Rodrigues;10;2024-07-30;Corte de Cabelo;;70;0
C217;Thales Ferreira;33;2024-07-30;Corte de Cabelo;;70;0
C109;Luiz Otávio Santos;30;2024-07-30;Limpeza de pele;;45;0
C169;Alexandre Gomes;70;2024-07-30;Corte de Cabelo;;70;0
C094;Felipe Barros;65;2024-07-30;Combo 1;;110;0
C072;João Lucas Cunha;79;2024-07-30;Corte a Maquina;;55;0
C170;Dr. Noah Farias;18;2024-07-30;Corte a Maquina;Balm;55;49
C075;Thiago da Rosa;33;2024-07-31;Limpeza de pele;Balm;45;49
C074;Lucas Gabriel Azevedo;70;2024-07-31;Sobrancelha;;35;0
C154;João Guilherme Ribeiro;78;2024-07-31;Corte de Cabelo;;70;0
C105;João Vitor Cunha;56;2024-07-31;Corte de Cabelo;Balm;70;49
C098;Dr. Nathan Viana;35;2024-07-31;Corte de Cabelo;;70;0
C034;João Moraes;29;2024-07-31;Barba Modelada;;55;0
C209;Lorenzo Martins;37;2024-07-31;Depilação de nariz;Pomada de cabelo;35;89
C231;Francisco Vieira;53;2024-07-31;Combo 1;;110;0
C198;Dr. Luiz Miguel Vieira;30;2024-07-31;Corte de Cabelo;;70;0
C196;Gabriel Peixoto;31;2024-07-31;Corte de Cabelo;;70;0
C021;Breno Nogueira;27;2024-07-31;Corte de Cabelo;;70;0
C184;Sr. Alexandre Silva;49;2024-07-31;Combo 1;Shampoo de barba;110;49
C144;Enrico Moura;40;2024-07-31;Acabamento;;28;0
C011;Dr. Pedro Henrique Carvalho;56;2024-07-31;Combo 1;;110;0
C128;Gustavo Henrique Cardoso;3;2024-07-31;Combo 1;Balm;110;49
C182;Sr. Alexandre Azevedo;41;2024-07-31;Combo 1;;110;0
C070;Davi Luiz Fogaça;36;2024-07-31;Acabamento;;28;0
C241;Bruno Souza;25;2024-07-31;Combo 1;;110;0
C159;João Ribeiro;48;2024-07-31;Barba Modelada;Shampoo de barba;55;49
C138;Cauã Teixeira;2;2024-07-31;Combo 1;;110;0
C236;Eduardo Ramos;26;2024-07-31;Combo 2;;100;0
C174;Leonardo Novaes;23;2024-08-01;Corte de Cabelo;;70;0
C158;Vicente Cardoso;16;2024-08-01;Combo 1;;110;0
C117;Henrique Barros;22;2024-08-01;Corte de Cabelo;;70;0
C232;Levi da Mota;45;2024-08-01;Combo 1;Pomada de cabelo;110;89
C092;Marcos Vinicius Nogueira;42;2024-08-01;Hidratação;;70;0
C073;Sr. Diogo da Luz;23;2024-08-01;Barba Modelada;;55;0
C239;Danilo Pinto;19;2024-08-01;Sobrancelha;Shampoo de barba;35;49
C178;Benício da Mata;56;2024-08-01;Sobrancelha;;35;0
C246;Sr. Cauê da Costa;58;2024-08-01;Corte de Cabelo;Shampoo de barba;70;49
C194;Kevin Silva;77;2024-08-02;Combo 1;;110;0
C047;Diogo Lima;17;2024-08-02;Combo 1;;110;0
C043;Dr. Kaique Campos;35;2024-08-02;Sobrancelha;;35;0
C164;Nathan Cardoso;74;2024-08-02;Barba Modelada;;55;0
C166;Sr. João Vitor Vieira;12;2024-08-02;Combo 1;;110;0
C179;Dr. Vitor Barbosa;29;2024-08-02;Barba Modelada;;55;0
C158;Vicente Cardoso;16;2024-08-02;Corte de Cabelo;;70;0
C073;Sr. Diogo da Luz;23;2024-08-02;Corte de Cabelo;;70;0
C148;Sr. Enrico Teixeira;21;2024-08-02;Hidratação;;70;0
C225;Sr. João Felipe Pires;56;2024-08-02;Corte a Maquina;;55;0
C124;Dr. Gustavo Henrique Rodrigues;61;2024-08-02;Corte de Cabelo;Pomada de cabelo;70;89
C006;Dr. Davi Peixoto;19;2024-08-02;Corte a Maquina;;55;0
C132;João Vitor Azevedo;45;2024-08-02;Corte de Cabelo;;70;0
C104;Lucas Gabriel Gomes;76;2024-08-02;Limpeza de pele;Balm;45;49
C228;Benjamin Carvalho;8;2024-08-03;Combo 1;;110;0
C196;Gabriel Peixoto;31;2024-08-03;Corte de Cabelo;;70;0
C153;Yuri Cardoso;2;2024-08-03;Corte de Cabelo;;70;0
C196;Gabriel Peixoto;31;2024-08-03;Limpeza de pele;;45;0
C054;Joaquim Caldeira;26;2024-08-03;Acabamento;;28;0
C039;Paulo Cardoso;14;2024-08-03;Corte a Maquina;;55;0
C096;Enzo Moreira;60;2024-08-03;Depilação de nariz;;35;0
C108;Dr. Luiz Fernando Porto;48;2024-08-03;Corte de Cabelo;;70;0
C214;Gustavo Barbosa;75;2024-08-03;Sobrancelha;;35;0
C106;Sr. Yago Jesus;76;2024-08-03;Combo 1;;110;0
C156;João Felipe das Neves;64;2024-08-03;Combo 1;Shampoo de barba;110;49
C119;Erick Caldeira;78;2024-08-03;Barba Modelada;;55;0
C026;João Felipe Cavalcanti;77;2024-08-03;Corte de Cabelo;Balm;70;49
C159;João Ribeiro;48;2024-08-03;Combo 1;Balm;110;49
C243;Diogo Ribeiro;61;2024-08-03;Corte de Cabelo;Pomada de cabelo;70;89
C157;Erick da Cruz;4;2024-08-03;Corte a Maquina;;55;0
C017;Alexandre das Neves;66;2024-08-04;Combo 1;;110;0
C017;Alexandre das Neves;66;2024-08-04;Combo 1;;110;0
C221;João Felipe Almeida;14;2024-08-04;Combo 1;;110;0
C202;Breno Vieira;31;2024-08-04;Combo 2;;100;0
C106;Sr. Yago Jesus;76;2024-08-04;Combo 1;;110;0
C047;Diogo Lima;17;2024-08-04;Corte de Cabelo;;70;0
C089;Sr. Alexandre Cavalcanti;10;2024-08-04;Corte de Cabelo;Balm;70;49
C160;Noah Porto;41;2024-08-04;Corte a Maquina;Pomada de cabelo;55;89
C091;Marcos Vinicius Castro;74;2024-08-04;Barba Modelada;;55;0
C193;Diego Campos;4;2024-08-04;Combo 1;;110;0
C240;Benjamin Lima;56;2024-08-04;Combo 2;Shampoo de barba;100;49
C219;Lucca Nogueira;54;2024-08-04;Barba Modelada;;55;0
C150;Pedro Henrique Pereira;22;2024-08-04;Barba Modelada;Balm;55;49
C048;Otávio Araújo;50;2024-08-05;Hidratação;Shampoo de barba;70;49
C238;Dr. Heitor da Costa;59;2024-08-05;Combo 1;Shampoo de barba;110;49
C211;Cauê Almeida;29;2024-08-05;Corte de Cabelo;Shampoo de barba;70;49
C241;Bruno Souza;25;2024-08-05;Corte de Cabelo;;70;0
C178;Benício da Mata;56;2024-08-05;Depilação de orelha;Pomada de cabelo;35;89
C045;Luiz Gustavo Oliveira;60;2024-08-05;Combo 2;;100;0
C078;Luiz Fernando Costa;50;2024-08-05;Sobrancelha;;35;0
C195;Dr. João Felipe Lopes;72;2024-08-05;Corte de Cabelo;Shampoo de barba;70;49
C247;Dr. Danilo Caldeira;72;2024-08-05;Corte de Cabelo;;70;0
C105;João Vitor Cunha;56;2024-08-05;Hidratação;;70;0
C114;João Gabriel da Mota;8;2024-08-05;Combo 1;;110;0
C209;Lorenzo Martins;37;2024-08-05;Hidratação;;70;0
C040;Vinicius Nunes;47;2024-08-06;Combo 1;;110;0
C246;Sr. Cauê da Costa;58;2024-08-06;Hidratação;;70;0
C174;Leonardo Novaes;23;2024-08-06;Acabamento;;28;0
C177;Thiago Melo;79;2024-08-06;Corte de Cabelo;Pomada de cabelo;70;89
C081;Pedro Henrique da Cruz;30;2024-08-06;Combo 1;;110;0
C156;João Felipe das Neves;64;2024-08-06;Combo 1;Pomada de cabelo;110;89
C169;Alexandre Gomes;70;2024-08-06;Depilação de nariz;;35;0
C108;Dr. Luiz Fernando Porto;48;2024-08-06;Corte de Cabelo;;70;0
C209;Lorenzo Martins;37;2024-08-07;Corte de Cabelo;;70;0
C032;Gabriel Teixeira;37;2024-08-07;Combo 1;Pomada de cabelo;110;89
C124;Dr. Gustavo Henrique Rodrigues;61;2024-08-07;Combo 1;;110;0
C248;Bernardo Rocha;14;2024-08-07;Corte de Cabelo;;70;0
C066;Benício Moreira;22;2024-08-07;Depilação de nariz;;35;0
C098;Dr. Nathan Viana;35;2024-08-07;Combo 2;;100;0
C015;Theo Cardoso;29;2024-08-07;Sobrancelha;;35;0
C185;Dr. Marcelo Silva;58;2024-08-07;Combo 1;;110;0
C241;Bruno Souza;25;2024-08-07;Corte de Cabelo;;70;0
C144;Enrico Moura;40;2024-08-08;Corte de Cabelo;;70;0
C024;Breno das Neves;30;2024-08-08;Corte de Cabelo;;70;0
C027;Dr. Kaique Farias;37;2024-08-08;Combo 1;;110;0
C162;Breno da Paz;9;2024-08-08;Combo 1;;110;0
C217;Thales Ferreira;33;2024-08-08;Corte de Cabelo;Pomada de cabelo;70;89
C191;Enrico Peixoto;10;2024-08-08;Combo 1;;110;0
C023;Luiz Gustavo Moreira;55;2024-08-08;Acabamento;;28;0
C181;Dr. Enzo Gabriel Pinto;27;2024-08-08;Combo 1;Pomada de cabelo;110;89
C185;Dr. Marcelo Silva;58;2024-08-08;Combo 1;Pomada de cabelo;110;89
C081;Pedro Henrique da Cruz;30;2024-08-08;Corte de Cabelo;;70;0
C202;Breno Vieira;31;2024-08-08;Combo 1;Pomada de cabelo;110;89
C222;Antônio Carvalho;14;2024-08-08;Corte de Cabelo;Pomada de cabelo;70;89
C002;Raul da Rocha;5;2024-08-08;Corte a Maquina;;55;0
C040;Vinicius Nunes;47;2024-08-08;Barba Modelada;;55;0
C145;Pedro Henrique Vieira;66;2024-08-09;Corte de Cabelo;Pomada de cabelo;70;89
C150;Pedro Henrique Pereira;22;2024-08-09;Corte a Maquina;;55;0
C083;Samuel Azevedo;9;2024-08-09;Combo 1;;110;0
C224;Noah Nascimento;47;2024-08-09;Corte a Maquina;;55;0
C208;João Pedro Teixeira;32;2024-08-09;Corte de Cabelo;;70;0
C108;Dr. Luiz Fernando Porto;48;2024-08-09;Corte a Maquina;;55;0
C068;Thomas Melo;47;2024-08-09;Barba Modelada;Balm;55;49
C248;Bernardo Rocha;14;2024-08-09;Corte a Maquina;Balm;55;49
C198;Dr. Luiz Miguel Vieira;30;2024-08-09;Combo 1;;110;0
C112;Dr. Erick Ferreira;65;2024-08-09;Sobrancelha;;35;0
C125;Dr. Daniel Cardoso;69;2024-08-09;Depilação de orelha;;35;0
C209;Lorenzo Martins;37;2024-08-09;Combo 1;;110;0
C236;Eduardo Ramos;26;2024-08-09;Corte de Cabelo;Shampoo de barba;70;49
C121;Eduardo Nascimento;51;2024-08-09;Acabamento;Balm;28;49
C066;Benício Moreira;22;2024-08-10;Combo 2;Pomada de cabelo;100;89
C017;Alexandre das Neves;66;2024-08-10;Corte de Cabelo;;70;0
C188;Dr. Cauê Moraes;17;2024-08-10;Combo 1;;110;0
C078;Luiz Fernando Costa;50;2024-08-10;Combo 1;;110;0
C142;Enzo da Mota;66;2024-08-10;Depilação de orelha;Shampoo de barba;35;49
C064;Felipe Lopes;60;2024-08-10;Combo 2;Pomada de cabelo;100;89
C179;Dr. Vitor Barbosa;29;2024-08-10;Corte de Cabelo;Shampoo de barba;70;49
C178;Benício da Mata;56;2024-08-10;Barba Modelada;;55;0
C064;Felipe Lopes;60;2024-08-10;Corte de Cabelo;;70;0
C163;Thomas Cardoso;32;2024-08-10;Corte de Cabelo;Balm;70;49
C067;João Felipe Monteiro;49;2024-08-10;Corte a Maquina;Pomada de cabelo;55;89
C092;Marcos Vinicius Nogueira;42;2024-08-10;Hidratação;;70;0
C102;Kevin Moraes;70;2024-08-10;Combo 2;;100;0
C016;Levi Pereira;31;2024-08-10;Combo 2;Balm;100;49
C206;Sr. Bryan Rezende;11;2024-08-10;Combo 1;;110;0
C229;Fernando Castro;14;2024-08-10;Combo 1;;110;0
C024;Breno das Neves;30;2024-08-10;Combo 2;;100;0
C219;Lucca Nogueira;54;2024-08-10;Combo 1;;110;0
C210;João Miguel da Paz;64;2024-08-10;Sobrancelha;;35;0
C020;Sr. Calebe Peixoto;73;2024-08-11;Combo 1;;110;0
C236;Eduardo Ramos;26;2024-08-11;Corte a Maquina;;55;0
C055;Sr. Joaquim Cavalcanti;10;2024-08-11;Corte de Cabelo;;70;0
C220;Lorenzo Alves;26;2024-08-11;Sobrancelha;;35;0
C110;Diego Moraes;19;2024-08-11;Corte de Cabelo;Shampoo de barba;70;49
C132;João Vitor Azevedo;45;2024-08-11;Corte de Cabelo;;70;0
C196;Gabriel Peixoto;31;2024-08-11;Corte a Maquina;;55;0
C016;Levi Pereira;31;2024-08-11;Combo 1;;110;0
C011;Dr. Pedro Henrique Carvalho;56;2024-08-11;Acabamento;;28;0
C103;João Vitor Martins;35;2024-08-11;Corte de Cabelo;;70;0
C219;Lucca Nogueira;54;2024-08-11;Corte de Cabelo;;70;0
C216;Thales Almeida;62;2024-08-11;Combo 1;;110;0
C140;Cauã Freitas;66;2024-08-11;Barba Modelada;;55;0
C016;Levi Pereira;31;2024-08-11;Depilação de nariz;;35;0
C066;Benício Moreira;22;2024-08-12;Depilação de orelha;;35;0
C134;Heitor Moura;39;2024-08-12;Combo 2;;100;0
C092;Marcos Vinicius Nogueira;42;2024-08-12;Depilação de orelha;;35;0
C020;Sr. Calebe Peixoto;73;2024-08-12;Combo 2;;100;0
C212;Breno da Costa;71;2024-08-12;Combo 2;;100;0
C163;Thomas Cardoso;32;2024-08-12;Limpeza de pele;;45;0
C220;Lorenzo Alves;26;2024-08-12;Barba Modelada;;55;0
C232;Levi da Mota;45;2024-08-12;Corte de Cabelo;;70;0
C234;Joaquim Fernandes;33;2024-08-12;Combo 1;Balm;110;49
C191;Enrico Peixoto;10;2024-08-12;Corte de Cabelo;;70;0
C194;Kevin Silva;77;2024-08-12;Corte a Maquina;;55;0
C156;João Felipe das Neves;64;2024-08-12;Corte de Cabelo;;70;0
C089;Sr. Alexandre Cavalcanti;10;2024-08-12;Corte de Cabelo;;70;0
C246;Sr. Cauê da Costa;58;2024-08-12;Combo 1;Pomada de cabelo;110;89
C051;Lorenzo Fernandes;39;2024-08-12;Combo 1;Balm;110;49
C021;Breno Nogueira;27;2024-08-12;Barba Modelada;;55;0
C067;João Felipe Monteiro;49;2024-08-12;Corte a Maquina;Pomada de cabelo;55;89
C078;Luiz Fernando Costa;50;2024-08-13;Acabamento;Shampoo de barba;28;49
C138;Cauã Teixeira;2;2024-08-13;Corte a Maquina;;55;0
C055;Sr. Joaquim Cavalcanti;10;2024-08-13;Corte a Maquina;Pomada de cabelo;55;89
C043;Dr. Kaique Campos;35;2024-08-13;Corte de Cabelo;;70;0
C072;João Lucas Cunha;79;2024-08-13;Corte de Cabelo;;70;0
C017;Alexandre das Neves;66;2024-08-13;Corte de Cabelo;Shampoo de barba;70;49
C010;Benjamin Fernandes;77;2024-08-13;Corte de Cabelo;;70;0
C237;Luiz Gustavo Gonçalves;70;2024-08-13;Combo 1;;110;0
C173;Lucca da Paz;72;2024-08-14;Combo 1;;110;0
C102;Kevin Moraes;70;2024-08-14;Acabamento;;28;0
C105;João Vitor Cunha;56;2024-08-14;Corte de Cabelo;;70;0
C231;Francisco Vieira;53;2024-08-14;Depilação de orelha;Pomada de cabelo;35;89
C072;João Lucas Cunha;79;2024-08-14;Sobrancelha;Balm;35;49
C171;Erick Ferreira;18;2024-08-14;Depilação de nariz;;35;0
C115;Bernardo Viana;16;2024-08-14;Combo 1;;110;0
C231;Francisco Vieira;53;2024-08-14;Combo 2;;100;0
C168;Bruno Pires;10;2024-08-14;Corte de Cabelo;;70;0
C018;Benício das Neves;79;2024-08-14;Corte de Cabelo;;70;0
C028;Davi Lucas da Costa;2;2024-08-14;Combo 1;;110;0
C181;Dr. Enzo Gabriel Pinto;27;2024-08-14;Corte de Cabelo;Shampoo de barba;70;49
C110;Diego Moraes;19;2024-08-14;Combo 1;;110;0
C145;Pedro Henrique Vieira;66;2024-08-14;Corte de Cabelo;;70;0
C029;Pedro Miguel da Cunha;22;2024-08-15;Barba Modelada;;55;0
C103;João Vitor Martins;35;2024-08-15;Corte de Cabelo;;70;0
C016;Levi Pereira;31;2024-08-15;Corte de Cabelo;;70;0
C016;Levi Pereira;31;2024-08-15;Sobrancelha;Shampoo de barba;35;49
C157;Erick da Cruz;4;2024-08-15;Combo 1;Pomada de cabelo;110;89
C099;Lucas Gabriel Almeida;19;2024-08-15;Hidratação;Balm;70;49
C121;Eduardo Nascimento;51;2024-08-15;Corte de Cabelo;Pomada de cabelo;70;89
C161;Luiz Miguel Sales;32;2024-08-15;Combo 1;;110;0
C175;Diogo Almeida;35;2024-08-15;Acabamento;;28;0
C035;Cauê Pereira;45;2024-08-15;Combo 1;Balm;110;49
C111;Antônio Alves;67;2024-08-15;Combo 1;;110;0
C079;João Guilherme Dias;36;2024-08-15;Barba Modelada;Balm;55;49
C146;Sr. Davi Luiz Cardoso;79;2024-08-15;Combo 1;;110;0
C169;Alexandre Gomes;70;2024-08-16;Barba Modelada;Shampoo de barba;55;49
C027;Dr. Kaique Farias;37;2024-08-16;Combo 2;;100;0
C236;Eduardo Ramos;26;2024-08-16;Barba Modelada;;55;0
C066;Benício Moreira;22;2024-08-16;Corte de Cabelo;;70;0
C012;Yago Pereira;6;2024-08-16;Combo 1;;110;0
C042;João Vitor Cardoso;79;2024-08-16;Depilação de orelha;Shampoo de barba;35;49
C044;Francisco da Cruz;7;2024-08-16;Combo 1;;110;0
C118;Ryan Cavalcanti;56;2024-08-16;Depilação de nariz;;35;0
C194;Kevin Silva;77;2024-08-16;Depilação de nariz;;35;0
C092;Marcos Vinicius Nogueira;42;2024-08-16;Combo 1;;110;0
C191;Enrico Peixoto;10;2024-08-16;Combo 1;;110;0
C108;Dr. Luiz Fernando Porto;48;2024-08-16;Combo 2;;100;0
C110;Diego Moraes;19;2024-08-16;Corte de Cabelo;;70;0
C148;Sr. Enrico Teixeira;21;2024-08-16;Combo 2;;100;0
C156;João Felipe das Neves;64;2024-08-16;Combo 1;;110;0
C039;Paulo Cardoso;14;2024-08-17;Combo 1;;110;0
C022;Danilo Fernandes;71;2024-08-17;Depilação de nariz;Shampoo de barba;35;49
C123;Diogo Mendes;78;2024-08-17;Corte de Cabelo;;70;0
C009;Matheus da Cunha;13;2024-08-17;Corte de Cabelo;;70;0
C167;Marcos Vinicius Ferreira;64;2024-08-17;Combo 1;;110;0
C076;Marcelo Mendes;22;2024-08-17;Combo 2;;100;0
C008;Dr. Calebe Caldeira;71;2024-08-17;Combo 2;;100;0
C075;Thiago da Rosa;33;2024-08-17;Corte a Maquina;Shampoo de barba;55;49
C237;Luiz Gustavo Gonçalves;70;2024-08-17;Acabamento;;28;0
C229;Fernando Castro;14;2024-08-17;Corte de Cabelo;;70;0
C111;Antônio Alves;67;2024-08-18;Corte de Cabelo;;70;0
C243;Diogo Ribeiro;61;2024-08-18;Corte de Cabelo;;70;0
C017;Alexandre das Neves;66;2024-08-18;Corte a Maquina;Shampoo de barba;55;49
C244;Sr. Benjamin Moura;33;2024-08-18;Depilação de nariz;;35;0
C117;Henrique Barros;22;2024-08-18;Combo 1;;110;0
C190;Luiz Felipe Carvalho;30;2024-08-18;Sobrancelha;;35;0
C092;Marcos Vinicius Nogueira;42;2024-08-18;Depilação de orelha;Balm;35;49
C004;Sr. Davi Luiz Gomes;33;2024-08-18;Corte de Cabelo;Balm;70;49
C121;Eduardo Nascimento;51;2024-08-19;Barba Modelada;;55;0
C112;Dr. Erick Ferreira;65;2024-08-19;Combo 1;;110;0
C212;Breno da Costa;71;2024-08-19;Corte de Cabelo;Shampoo de barba;70;49
C091;Marcos Vinicius Castro;74;2024-08-19;Depilação de orelha;Shampoo de barba;35;49
C070;Davi Luiz Fogaça;36;2024-08-19;Barba Modelada;;55;0
C076;Marcelo Mendes;22;2024-08-19;Corte a Maquina;;55;0
C197;Dr. Lucca Porto;77;2024-08-19;Combo 1;;110;0
C023;Luiz Gustavo Moreira;55;2024-08-19;Corte de Cabelo;Shampoo de barba;70;49
C181;Dr. Enzo Gabriel Pinto;27;2024-08-20;Corte de Cabelo;;70;0
C175;Diogo Almeida;35;2024-08-20;Combo 2;Shampoo de barba;100;49
C105;João Vitor Cunha;56;2024-08-20;Depilação de orelha;;35;0
C216;Thales Almeida;62;2024-08-20;Combo 1;;110;0
C213;Sr. Luiz Henrique da Conceição;18;2024-08-20;Corte de Cabelo;;70;0
C240;Benjamin Lima;56;2024-08-20;Corte de Cabelo;Balm;70;49
C070;Davi Luiz Fogaça;36;2024-08-20;Corte de Cabelo;Shampoo de barba;70;49
C017;Alexandre das Neves;66;2024-08-20;Depilação de orelha;;35;0
C074;Lucas Gabriel Azevedo;70;2024-08-20;Corte de Cabelo;;70;0
C132;João Vitor Azevedo;45;2024-08-20;Corte de Cabelo;;70;0
C050;Pedro Henrique Fogaça;72;2024-08-20;Combo 1;;110;0
C101;Rodrigo Ferreira;73;2024-08-20;Corte de Cabelo;;70;0
C023;Luiz Gustavo Moreira;55;2024-08-21;Corte a Maquina;Pomada de cabelo;55;89
C154;João Guilherme Ribeiro;78;2024-08-21;Corte a Maquina;;55;0
C177;Thiago Melo;79;2024-08-21;Corte de Cabelo;Balm;70;49
C118;Ryan Cavalcanti;56;2024-08-21;Acabamento;;28;0
C057;Sr. Juan Cavalcanti;31;2024-08-21;Combo 2;;100;0
C098;Dr. Nathan Viana;35;2024-08-21;Depilação de orelha;Shampoo de barba;35;49
C140;Cauã Freitas;66;2024-08-21;Limpeza de pele;;45;0
C147;Miguel Alves;27;2024-08-21;Corte de Cabelo;;70;0
C036;Dr. Davi Lucas Azevedo;15;2024-08-21;Combo 1;;110;0
C162;Breno da Paz;9;2024-08-21;Corte a Maquina;;55;0
C186;Rodrigo Castro;68;2024-08-21;Combo 2;;100;0
C225;Sr. João Felipe Pires;56;2024-08-21;Corte a Maquina;Shampoo de barba;55;49
C087;Augusto Nunes;53;2024-08-22;Corte de Cabelo;;70;0
C222;Antônio Carvalho;14;2024-08-22;Combo 1;Balm;110;49
C152;Heitor Vieira;69;2024-08-22;Combo 1;;110;0
C217;Thales Ferreira;33;2024-08-22;Corte de Cabelo;Balm;70;49
C132;João Vitor Azevedo;45;2024-08-22;Corte de Cabelo;Pomada de cabelo;70;89
C180;Bryan Azevedo;71;2024-08-22;Hidratação;Pomada de cabelo;70;89
C010;Benjamin Fernandes;77;2024-08-22;Corte de Cabelo;Pomada de cabelo;70;89
C008;Dr. Calebe Caldeira;71;2024-08-22;Barba Modelada;;55;0
C100;Marcos Vinicius Novaes;33;2024-08-22;Limpeza de pele;Balm;45;49
C190;Luiz Felipe Carvalho;30;2024-08-22;Corte de Cabelo;;70;0
C115;Bernardo Viana;16;2024-08-23;Corte de Cabelo;;70;0
C163;Thomas Cardoso;32;2024-08-23;Corte de Cabelo;Pomada de cabelo;70;89
C144;Enrico Moura;40;2024-08-23;Corte de Cabelo;;70;0
C034;João Moraes;29;2024-08-23;Combo 2;;100;0
C228;Benjamin Carvalho;8;2024-08-23;Combo 1;;110;0
C137;Danilo Viana;60;2024-08-23;Hidratação;Shampoo de barba;70;49
C063;Marcos Vinicius da Mata;37;2024-08-23;Depilação de orelha;Shampoo de barba;35;49
C063;Marcos Vinicius da Mata;37;2024-08-23;Combo 1;;110;0
C215;Dr. Luiz Gustavo da Luz;75;2024-08-23;Combo 1;;110;0
C219;Lucca Nogueira;54;2024-08-23;Corte de Cabelo;;70;0
C247;Dr. Danilo Caldeira;72;2024-08-23;Combo 1;;110;0
C014;Luiz Henrique Caldeira;13;2024-08-24;Corte a Maquina;;55;0
C041;Arthur Silveira;46;2024-08-24;Corte a Maquina;;55;0
C035;Cauê Pereira;45;2024-08-24;Combo 1;;110;0
C162;Breno da Paz;9;2024-08-24;Corte de Cabelo;Pomada de cabelo;70;89
C065;Vinicius Aragão;48;2024-08-24;Corte a Maquina;;55;0
C065;Vinicius Aragão;48;2024-08-24;Corte de Cabelo;Balm;70;49
C026;João Felipe Cavalcanti;77;2024-08-24;Corte de Cabelo;;70;0
C002;Raul da Rocha;5;2024-08-24;Corte de Cabelo;Shampoo de barba;70;49
C215;Dr. Luiz Gustavo da Luz;75;2024-08-24;Sobrancelha;;35;0
C022;Danilo Fernandes;71;2024-08-24;Corte de Cabelo;Pomada de cabelo;70;89
C106;Sr. Yago Jesus;76;2024-08-24;Combo 1;;110;0
C099;Lucas Gabriel Almeida;19;2024-08-24;Corte de Cabelo;;70;0
C099;Lucas Gabriel Almeida;19;2024-08-24;Combo 1;;110;0
C119;Erick Caldeira;78;2024-08-24;Sobrancelha;;35;0
C126;Davi da Cunha;34;2024-08-24;Corte a Maquina;Shampoo de barba;55;49
C152;Heitor Vieira;69;2024-08-24;Combo 2;;100;0
C219;Lucca Nogueira;54;2024-08-24;Barba Modelada;;55;0
C236;Eduardo Ramos;26;2024-08-25;Combo 1;Balm;110;49
C198;Dr. Luiz Miguel Vieira;30;2024-08-25;Corte de Cabelo;Balm;70;49
C029;Pedro Miguel da Cunha;22;2024-08-25;Barba Modelada;;55;0
C144;Enrico Moura;40;2024-08-25;Acabamento;Shampoo de barba;28;49
C167;Marcos Vinicius Ferreira;64;2024-08-25;Acabamento;Pomada de cabelo;28;89
C202;Breno Vieira;31;2024-08-25;Corte de Cabelo;Pomada de cabelo;70;89
C210;João Miguel da Paz;64;2024-08-25;Corte de Cabelo;Pomada de cabelo;70;89
C073;Sr. Diogo da Luz;23;2024-08-25;Combo 1;;110;0
C187;Ian Moraes;59;2024-08-25;Barba Modelada;Balm;55;49
C101;Rodrigo Ferreira;73;2024-08-25;Corte a Maquina;;55;0
C196;Gabriel Peixoto;31;2024-08-25;Combo 1;;110;0
C066;Benício Moreira;22;2024-08-25;Corte de Cabelo;;70;0
C159;João Ribeiro;48;2024-08-25;Combo 1;;110;0
C226;Pedro Henrique Jesus;54;2024-08-25;Barba Modelada;;55;0
C064;Felipe Lopes;60;2024-08-26;Combo 1;Pomada de cabelo;110;89
C101;Rodrigo Ferreira;73;2024-08-26;Hidratação;;70;0
C246;Sr. Cauê da Costa;58;2024-08-26;Corte de Cabelo;Pomada de cabelo;70;89
C018;Benício das Neves;79;2024-08-26;Barba Modelada;;55;0
C196;Gabriel Peixoto;31;2024-08-27;Corte de Cabelo;;70;0
C088;Sr. Bruno Rocha;36;2024-08-27;Hidratação;Shampoo de barba;70;49
C076;Marcelo Mendes;22;2024-08-27;Hidratação;;70;0
C051;Lorenzo Fernandes;39;2024-08-27;Depilação de orelha;;35;0
C152;Heitor Vieira;69;2024-08-27;Corte a Maquina;;55;0
C032;Gabriel Teixeira;37;2024-08-27;Barba Modelada;;55;0
C138;Cauã Teixeira;2;2024-08-27;Combo 1;;110;0
C074;Lucas Gabriel Azevedo;70;2024-08-27;Corte de Cabelo;Shampoo de barba;70;49
C027;Dr. Kaique Farias;37;2024-08-27;Depilação de nariz;;35;0
C039;Paulo Cardoso;14;2024-08-27;Corte a Maquina;;55;0
C146;Sr. Davi Luiz Cardoso;79;2024-08-27;Combo 1;;110;0
C113;Luiz Gustavo Rocha;13;2024-08-27;Combo 1;;110;0
C053;Guilherme Fogaça;75;2024-08-28;Barba Modelada;;55;0
C110;Diego Moraes;19;2024-08-28;Corte a Maquina;;55;0
C232;Levi da Mota;45;2024-08-28;Depilação de orelha;Pomada de cabelo;35;89
C197;Dr. Lucca Porto;77;2024-08-28;Acabamento;Shampoo de barba;28;49
C020;Sr. Calebe Peixoto;73;2024-08-28;Depilação de orelha;;35;0
C101;Rodrigo Ferreira;73;2024-08-28;Combo 1;;110;0
C055;Sr. Joaquim Cavalcanti;10;2024-08-29;Corte de Cabelo;Balm;70;49
C245;Sr. Joaquim Martins;11;2024-08-29;Combo 1;Shampoo de barba;110;49
C036;Dr. Davi Lucas Azevedo;15;2024-08-29;Corte de Cabelo;;70;0
C052;Pedro Miguel Sales;48;2024-08-29;Combo 1;;110;0
C031;Emanuel Farias;45;2024-08-29;Combo 1;Shampoo de barba;110;49
C071;Rafael Mendes;11;2024-08-29;Combo 1;;110;0
C079;João Guilherme Dias;36;2024-08-29;Combo 1;;110;0
C027;Dr. Kaique Farias;37;2024-08-29;Barba Modelada;;55;0
C178;Benício da Mata;56;2024-08-29;Corte de Cabelo;;70;0
C040;Vinicius Nunes;47;2024-08-29;Corte de Cabelo;;70;0
C236;Eduardo Ramos;26;2024-08-29;Depilação de orelha;;35;0
C226;Pedro Henrique Jesus;54;2024-08-29;Barba Modelada;;55;0
C090;Yuri Fernandes;29;2024-08-29;Corte de Cabelo;Shampoo de barba;70;49
C234;Joaquim Fernandes;33;2024-08-29;Combo 1;;110;0
C145;Pedro Henrique Vieira;66;2024-08-29;Sobrancelha;;35;0
C243;Diogo Ribeiro;61;2024-08-29;Hidratação;;70;0
C219;Lucca Nogueira;54;2024-08-30;Barba Modelada;;55;0
C221;João Felipe Almeida;14;2024-08-30;Corte a Maquina;Balm;55;49
C060;Marcos Vinicius Lopes;31;2024-08-30;Barba Modelada;Pomada de cabelo;55;89
C126;Davi da Cunha;34;2024-08-30;Depilação de nariz;Shampoo de barba;35;49
C219;Lucca Nogueira;54;2024-08-30;Depilação de nariz;;35;0
C019;Calebe Gomes;5;2024-08-30;Corte de Cabelo;;70;0
C119;Erick Caldeira;78;2024-08-30;Corte a Maquina;;55;0
C124;Dr. Gustavo Henrique Rodrigues;61;2024-08-30;Combo 1;Balm;110;49
C219;Lucca Nogueira;54;2024-08-30;Corte de Cabelo;;70;0
C185;Dr. Marcelo Silva;58;2024-08-30;Corte de Cabelo;;70;0
C155;Dr. Davi Lucca Aragão;43;2024-08-30;Corte de Cabelo;;70;0
C035;Cauê Pereira;45;2024-08-30;Combo 2;Balm;100;49
C001;Carlos Eduardo Silveira;16;2024-08-30;Corte de Cabelo;;70;0
C177;Thiago Melo;79;2024-08-31;Corte de Cabelo;;70;0
C019;Calebe Gomes;5;2024-08-31;Combo 1;;110;0
C119;Erick Caldeira;78;2024-08-31;Acabamento;;28;0
C080;Anthony Souza;73;2024-08-31;Barba Modelada;Pomada de cabelo;55;89
C111;Antônio Alves;67;2024-08-31;Combo 1;;110;0
C079;João Guilherme Dias;36;2024-08-31;Corte de Cabelo;;70;0
C091;Marcos Vinicius Castro;74;2024-08-31;Combo 1;;110;0
C156;João Felipe das Neves;64;2024-08-31;Barba Modelada;Shampoo de barba;55;49
C202;Breno Vieira;31;2024-08-31;Corte de Cabelo;;70;0
C187;Ian Moraes;59;2024-08-31;Limpeza de pele;Balm;45;49
C147;Miguel Alves;27;2024-08-31;Depilação de nariz;;35;0
C112;Dr. Erick Ferreira;65;2024-08-31;Depilação de orelha;;35;0
C159;João Ribeiro;48;2024-08-31;Acabamento;;28;0
C125;Dr. Daniel Cardoso;69;2024-08-31;Corte a Maquina;;55;0
C123;Diogo Mendes;78;2024-08-31;Combo 2;;100;0
C050;Pedro Henrique Fogaça;72;2024-09-01;Combo 1;;110;0
C103;João Vitor Martins;35;2024-09-01;Corte a Maquina;;55;0
C008;Dr. Calebe Caldeira;71;2024-09-01;Combo 2;;100;0
C033;Marcelo Ribeiro;21;2024-09-01;Corte de Cabelo;;70;0
C051;Lorenzo Fernandes;39;2024-09-01;Combo 2;;100;0
C212;Breno da Costa;71;2024-09-01;Hidratação;;70;0
C123;Diogo Mendes;78;2024-09-01;Acabamento;;28;0
C120;Gabriel Rodrigues;10;2024-09-01;Corte de Cabelo;;70;0
C175;Diogo Almeida;35;2024-09-01;Sobrancelha;;35;0
C161;Luiz Miguel Sales;32;2024-09-01;Depilação de nariz;;35;0
C152;Heitor Vieira;69;2024-09-01;Corte de Cabelo;;70;0
C227;Davi Luiz da Paz;61;2024-09-01;Hidratação;;70;0
C079;João Guilherme Dias;36;2024-09-01;Corte a Maquina;;55;0
C102;Kevin Moraes;70;2024-09-02;Barba Modelada;;55;0
C064;Felipe Lopes;60;2024-09-02;Barba Modelada;;55;0
C197;Dr. Lucca Porto;77;2024-09-02;Corte de Cabelo;Balm;70;49
C065;Vinicius Aragão;48;2024-09-02;Barba Modelada;Pomada de cabelo;55;89
C057;Sr. Juan Cavalcanti;31;2024-09-02;Combo 1;;110;0
C239;Danilo Pinto;19;2024-09-02;Barba Modelada;;55;0
C166;Sr. João Vitor Vieira;12;2024-09-02;Corte de Cabelo;;70;0
C248;Bernardo Rocha;14;2024-09-02;Corte de Cabelo;Shampoo de barba;70;49
C163;Thomas Cardoso;32;2024-09-02;Barba Modelada;Shampoo de barba;55;49
C080;Anthony Souza;73;2024-09-02;Corte de Cabelo;Shampoo de barba;70;49
C198;Dr. Luiz Miguel Vieira;30;2024-09-02;Corte de Cabelo;Balm;70;49
C109;Luiz Otávio Santos;30;2024-09-02;Corte de Cabelo;;70;0
C136;Dr. Levi Cunha;22;2024-09-02;Corte de Cabelo;;70;0
C064;Felipe Lopes;60;2024-09-02;Combo 1;;110;0
C198;Dr. Luiz Miguel Vieira;30;2024-09-02;Corte de Cabelo;;70;0
C021;Breno Nogueira;27;2024-09-02;Barba Modelada;;55;0
C106;Sr. Yago Jesus;76;2024-09-02;Corte de Cabelo;;70;0
C202;Breno Vieira;31;2024-09-03;Depilação de nariz;Pomada de cabelo;35;89
C234;Joaquim Fernandes;33;2024-09-03;Combo 2;;100;0
C071;Rafael Mendes;11;2024-09-03;Combo 1;;110;0
C225;Sr. João Felipe Pires;56;2024-09-03;Depilação de orelha;Pomada de cabelo;35;89
C032;Gabriel Teixeira;37;2024-09-03;Corte a Maquina;;55;0
C162;Breno da Paz;9;2024-09-03;Corte a Maquina;;55;0
C068;Thomas Melo;47;2024-09-03;Corte de Cabelo;;70;0
C204;João Vitor Martins;6;2024-09-03;Corte de Cabelo;;70;0
C053;Guilherme Fogaça;75;2024-09-03;Sobrancelha;;35;0
C095;João Lucas Barbosa;52;2024-09-03;Corte de Cabelo;;70;0
C035;Cauê Pereira;45;2024-09-03;Hidratação;;70;0
C050;Pedro Henrique Fogaça;72;2024-09-04;Hidratação;;70;0
C198;Dr. Luiz Miguel Vieira;30;2024-09-04;Combo 1;Pomada de cabelo;110;89
C159;João Ribeiro;48;2024-09-04;Acabamento;;28;0
C210;João Miguel da Paz;64;2024-09-04;Corte de Cabelo;Shampoo de barba;70;49
C008;Dr. Calebe Caldeira;71;2024-09-04;Corte de Cabelo;;70;0
C152;Heitor Vieira;69;2024-09-04;Combo 1;;110;0
C038;Sr. João Miguel Alves;50;2024-09-04;Combo 1;;110;0
C161;Luiz Miguel Sales;32;2024-09-04;Combo 2;;100;0
C123;Diogo Mendes;78;2024-09-04;Corte a Maquina;;55;0
C237;Luiz Gustavo Gonçalves;70;2024-09-04;Corte de Cabelo;;70;0
C125;Dr. Daniel Cardoso;69;2024-09-04;Corte de Cabelo;;70;0
C128;Gustavo Henrique Cardoso;3;2024-09-04;Combo 1;;110;0
C102;Kevin Moraes;70;2024-09-04;Combo 2;;100;0
C049;Emanuel Oliveira;12;2024-09-04;Combo 1;;110;0
C117;Henrique Barros;22;2024-09-05;Corte a Maquina;;55;0
C067;João Felipe Monteiro;49;2024-09-05;Corte de Cabelo;Balm;70;49
C048;Otávio Araújo;50;2024-09-05;Depilação de orelha;;35;0
C165;Vitor Novaes;12;2024-09-05;Corte de Cabelo;;70;0
C041;Arthur Silveira;46;2024-09-05;Corte a Maquina;;55;0
C013;Ryan Porto;5;2024-09-05;Corte a Maquina;;55;0
C164;Nathan Cardoso;74;2024-09-05;Sobrancelha;Balm;35;49
C150;Pedro Henrique Pereira;22;2024-09-05;Hidratação;;70;0
C108;Dr. Luiz Fernando Porto;48;2024-09-05;Combo 1;;110;0
C060;Marcos Vinicius Lopes;31;2024-09-06;Combo 2;;100;0
C032;Gabriel Teixeira;37;2024-09-06;Corte a Maquina;Shampoo de barba;55;49
C142;Enzo da Mota;66;2024-09-06;Combo 1;;110;0
C027;Dr. Kaique Farias;37;2024-09-06;Depilação de nariz;;35;0
C186;Rodrigo Castro;68;2024-09-06;Limpeza de pele;Shampoo de barba;45;49
C086;Sr. Davi Lucas Vieira;42;2024-09-06;Sobrancelha;;35;0
C162;Breno da Paz;9;2024-09-06;Corte de Cabelo;;70;0
C069;Pedro Henrique Pires;28;2024-09-06;Depilação de nariz;Pomada de cabelo;35;89
C161;Luiz Miguel Sales;32;2024-09-06;Corte de Cabelo;;70;0
C226;Pedro Henrique Jesus;54;2024-09-06;Combo 1;;110;0
C102;Kevin Moraes;70;2024-09-06;Corte de Cabelo;;70;0
C199;Luiz Felipe Moraes;2;2024-09-06;Combo 1;Shampoo de barba;110;49
C024;Breno das Neves;30;2024-09-06;Corte de Cabelo;Balm;70;49
C008;Dr. Calebe Caldeira;71;2024-09-06;Combo 1;Pomada de cabelo;110;89
C179;Dr. Vitor Barbosa;29;2024-09-07;Depilação de nariz;Pomada de cabelo;35;89
C084;Nicolas Oliveira;31;2024-09-07;Hidratação;;70;0
C120;Gabriel Rodrigues;10;2024-09-07;Combo 1;Balm;110;49
C243;Diogo Ribeiro;61;2024-09-07;Corte de Cabelo;;70;0
C084;Nicolas Oliveira;31;2024-09-07;Combo 1;Balm;110;49
C213;Sr. Luiz Henrique da Conceição;18;2024-09-07;Sobrancelha;Balm;35;49
C063;Marcos Vinicius da Mata;37;2024-09-07;Depilação de nariz;;35;0
C192;Sr. João Lucas Ribeiro;45;2024-09-07;Corte de Cabelo;;70;0
C172;Dr. Luiz Henrique Azevedo;62;2024-09-07;Corte de Cabelo;;70;0
C063;Marcos Vinicius da Mata;37;2024-09-07;Corte de Cabelo;;70;0
C063;Marcos Vinicius da Mata;37;2024-09-07;Corte de Cabelo;;70;0
C219;Lucca Nogueira;54;2024-09-07;Corte de Cabelo;;70;0
C153;Yuri Cardoso;2;2024-09-07;Combo 1;;110;0
C067;João Felipe Monteiro;49;2024-09-07;Corte de Cabelo;Pomada de cabelo;70;89
C073;Sr. Diogo da Luz;23;2024-09-07;Depilação de orelha;;35;0
C151;Cauê Oliveira;71;2024-09-07;Hidratação;;70;0
C150;Pedro Henrique Pereira;22;2024-09-07;Combo 1;;110;0
C062;Lorenzo da Paz;50;2024-09-07;Corte de Cabelo;;70;0
C144;Enrico Moura;40;2024-09-08;Sobrancelha;Pomada de cabelo;35;89
C095;João Lucas Barbosa;52;2024-09-08;Sobrancelha;;35;0
C179;Dr. Vitor Barbosa;29;2024-09-08;Sobrancelha;;35;0
C017;Alexandre das Neves;66;2024-09-08;Combo 1;Balm;110;49
C245;Sr. Joaquim Martins;11;2024-09-08;Combo 1;Shampoo de barba;110;49
C217;Thales Ferreira;33;2024-09-08;Combo 1;Pomada de cabelo;110;89
C095;João Lucas Barbosa;52;2024-09-08;Barba Modelada;;55;0
C242;Davi Novaes;37;2024-09-08;Corte de Cabelo;;70;0
C166;Sr. João Vitor Vieira;12;2024-09-08;Combo 1;;110;0
C167;Marcos Vinicius Ferreira;64;2024-09-08;Barba Modelada;;55;0
C186;Rodrigo Castro;68;2024-09-08;Combo 2;;100;0
C062;Lorenzo da Paz;50;2024-09-08;Limpeza de pele;;45;0
C172;Dr. Luiz Henrique Azevedo;62;2024-09-09;Depilação de orelha;;35;0
C132;João Vitor Azevedo;45;2024-09-09;Sobrancelha;;35;0
C244;Sr. Benjamin Moura;33;2024-09-09;Barba Modelada;;55;0
C186;Rodrigo Castro;68;2024-09-09;Combo 1;Balm;110;49
C218;Sr. Emanuel da Mata;62;2024-09-09;Combo 2;;100;0
C085;João Lucas Azevedo;6;2024-09-09;Corte a Maquina;;55;0
C199;Luiz Felipe Moraes;2;2024-09-09;Corte de Cabelo;Shampoo de barba;70;49
C042;João Vitor Cardoso;79;2024-09-09;Limpeza de pele;;45;0
C022;Danilo Fernandes;71;2024-09-09;Corte de Cabelo;;70;0
C072;João Lucas Cunha;79;2024-09-10;Corte de Cabelo;;70;0
C160;Noah Porto;41;2024-09-10;Combo 2;;100;0
C145;Pedro Henrique Vieira;66;2024-09-10;Corte de Cabelo;;70;0
C226;Pedro Henrique Jesus;54;2024-09-10;Corte de Cabelo;;70;0
C137;Danilo Viana;60;2024-09-10;Corte de Cabelo;;70;0
C205;Luiz Felipe Almeida;44;2024-09-10;Corte de Cabelo;;70;0
C123;Diogo Mendes;78;2024-09-10;Corte a Maquina;;55;0
C026;João Felipe Cavalcanti;77;2024-09-10;Depilação de orelha;;35;0
C135;Lucas Costa;57;2024-09-10;Barba Modelada;Shampoo de barba;55;49
C240;Benjamin Lima;56;2024-09-10;Depilação de orelha;;35;0
C175;Diogo Almeida;35;2024-09-10;Barba Modelada;;55;0
C175;Diogo Almeida;35;2024-09-10;Combo 1;Balm;110;49
C240;Benjamin Lima;56;2024-09-10;Corte de Cabelo;;70;0
C054;Joaquim Caldeira;26;2024-09-10;Barba Modelada;;55;0
C004;Sr. Davi Luiz Gomes;33;2024-09-10;Combo 2;;100;0
C067;João Felipe Monteiro;49;2024-09-11;Acabamento;;28;0
C178;Benício da Mata;56;2024-09-11;Barba Modelada;Pomada de cabelo;55;89
C222;Antônio Carvalho;14;2024-09-11;Corte de Cabelo;Shampoo de barba;70;49
C140;Cauã Freitas;66;2024-09-11;Combo 1;Balm;110;49
C052;Pedro Miguel Sales;48;2024-09-11;Barba Modelada;;55;0
C235;Augusto Peixoto;26;2024-09-11;Hidratação;Pomada de cabelo;70;89
C214;Gustavo Barbosa;75;2024-09-11;Corte de Cabelo;Shampoo de barba;70;49
C065;Vinicius Aragão;48;2024-09-11;Corte de Cabelo;;70;0
C090;Yuri Fernandes;29;2024-09-11;Combo 1;Pomada de cabelo;110;89
C158;Vicente Cardoso;16;2024-09-11;Combo 1;Balm;110;49
C035;Cauê Pereira;45;2024-09-11;Corte de Cabelo;;70;0
C058;Dr. Danilo Aragão;39;2024-09-11;Combo 1;;110;0
C086;Sr. Davi Lucas Vieira;42;2024-09-12;Combo 1;Shampoo de barba;110;49
C054;Joaquim Caldeira;26;2024-09-12;Corte a Maquina;;55;0
C242;Davi Novaes;37;2024-09-12;Corte de Cabelo;;70;0
C200;Murilo Almeida;11;2024-09-12;Corte a Maquina;;55;0
C231;Francisco Vieira;53;2024-09-12;Combo 2;;100;0
C216;Thales Almeida;62;2024-09-12;Corte de Cabelo;Balm;70;49
C081;Pedro Henrique da Cruz;30;2024-09-12;Corte de Cabelo;;70;0
C107;Dr. Gabriel Souza;53;2024-09-12;Combo 1;;110;0
C064;Felipe Lopes;60;2024-09-12;Corte de Cabelo;;70;0
C022;Danilo Fernandes;71;2024-09-12;Hidratação;;70;0
C173;Lucca da Paz;72;2024-09-12;Combo 1;Balm;110;49
C186;Rodrigo Castro;68;2024-09-12;Combo 2;Balm;100;49
C139;Luiz Felipe Pinto;35;2024-09-13;Combo 2;;100;0
C105;João Vitor Cunha;56;2024-09-13;Combo 2;Pomada de cabelo;100;89
C196;Gabriel Peixoto;31;2024-09-13;Corte de Cabelo;Balm;70;49
C008;Dr. Calebe Caldeira;71;2024-09-13;Combo 2;;100;0
C152;Heitor Vieira;69;2024-09-13;Corte a Maquina;;55;0
C121;Eduardo Nascimento;51;2024-09-13;Combo 2;;100;0
C212;Breno da Costa;71;2024-09-13;Combo 1;;110;0
C189;Enzo Gomes;33;2024-09-13;Depilação de orelha;;35;0
C103;João Vitor Martins;35;2024-09-13;Corte de Cabelo;;70;0
C154;João Guilherme Ribeiro;78;2024-09-13;Depilação de nariz;;35;0
C249;Bryan da Mata;8;2024-09-13;Corte de Cabelo;;70;0
C098;Dr. Nathan Viana;35;2024-09-13;Barba Modelada;;55;0
C172;Dr. Luiz Henrique Azevedo;62;2024-09-13;Combo 2;Balm;100;49
C146;Sr. Davi Luiz Cardoso;79;2024-09-13;Depilação de orelha;;35;0
C102;Kevin Moraes;70;2024-09-13;Acabamento;;28;0
C058;Dr. Danilo Aragão;39;2024-09-13;Barba Modelada;Balm;55;49
C156;João Felipe das Neves;64;2024-09-13;Combo 1;;110;0
C185;Dr. Marcelo Silva;58;2024-09-14;Combo 1;;110;0
C231;Francisco Vieira;53;2024-09-14;Depilação de orelha;;35;0
C085;João Lucas Azevedo;6;2024-09-14;Corte de Cabelo;;70;0
C151;Cauê Oliveira;71;2024-09-14;Combo 2;;100;0
C050;Pedro Henrique Fogaça;72;2024-09-14;Barba Modelada;Shampoo de barba;55;49
C081;Pedro Henrique da Cruz;30;2024-09-14;Combo 1;;110;0
C066;Benício Moreira;22;2024-09-14;Depilação de nariz;Shampoo de barba;35;49
C162;Breno da Paz;9;2024-09-14;Corte a Maquina;;55;0
C132;João Vitor Azevedo;45;2024-09-14;Combo 1;;110;0
C105;João Vitor Cunha;56;2024-09-14;Combo 1;;110;0
C024;Breno das Neves;30;2024-09-14;Corte de Cabelo;;70;0
C216;Thales Almeida;62;2024-09-14;Depilação de nariz;Balm;35;49
C174;Leonardo Novaes;23;2024-09-15;Corte de Cabelo;;70;0
C156;João Felipe das Neves;64;2024-09-15;Acabamento;;28;0
C198;Dr. Luiz Miguel Vieira;30;2024-09-15;Sobrancelha;;35;0
C048;Otávio Araújo;50;2024-09-15;Combo 2;;100;0
C180;Bryan Azevedo;71;2024-09-15;Sobrancelha;;35;0
C113;Luiz Gustavo Rocha;13;2024-09-15;Corte de Cabelo;;70;0
C142;Enzo da Mota;66;2024-09-15;Sobrancelha;Pomada de cabelo;35;89
C229;Fernando Castro;14;2024-09-15;Corte a Maquina;;55;0
C228;Benjamin Carvalho;8;2024-09-15;Combo 1;Balm;110;49
C172;Dr. Luiz Henrique Azevedo;62;2024-09-16;Barba Modelada;;55;0
C219;Lucca Nogueira;54;2024-09-16;Combo 2;Shampoo de barba;100;49
C111;Antônio Alves;67;2024-09-16;Corte a Maquina;;55;0
C197;Dr. Lucca Porto;77;2024-09-16;Depilação de orelha;Shampoo de barba;35;49
C071;Rafael Mendes;11;2024-09-16;Combo 1;;110;0
C238;Dr. Heitor da Costa;59;2024-09-16;Acabamento;;28;0
C034;João Moraes;29;2024-09-16;Corte de Cabelo;;70;0
C076;Marcelo Mendes;22;2024-09-16;Combo 1;;110;0
C072;João Lucas Cunha;79;2024-09-16;Combo 1;Balm;110;49
C198;Dr. Luiz Miguel Vieira;30;2024-09-16;Combo 1;Balm;110;49
C008;Dr. Calebe Caldeira;71;2024-09-16;Combo 1;;110;0
C020;Sr. Calebe Peixoto;73;2024-09-16;Combo 1;;110;0
C137;Danilo Viana;60;2024-09-17;Combo 1;;110;0
C240;Benjamin Lima;56;2024-09-17;Acabamento;Shampoo de barba;28;49
C226;Pedro Henrique Jesus;54;2024-09-17;Corte de Cabelo;;70;0
C178;Benício da Mata;56;2024-09-17;Barba Modelada;;55;0
C215;Dr. Luiz Gustavo da Luz;75;2024-09-17;Combo 1;;110;0
C222;Antônio Carvalho;14;2024-09-17;Combo 1;;110;0
C163;Thomas Cardoso;32;2024-09-17;Combo 1;;110;0
C056;Marcos Vinicius Lima;7;2024-09-17;Corte de Cabelo;Shampoo de barba;70;49
C155;Dr. Davi Lucca Aragão;43;2024-09-17;Corte de Cabelo;;70;0
C182;Sr. Alexandre Azevedo;41;2024-09-17;Corte de Cabelo;;70;0
C095;João Lucas Barbosa;52;2024-09-17;Combo 2;;100;0
C040;Vinicius Nunes;47;2024-09-18;Combo 2;;100;0
C080;Anthony Souza;73;2024-09-18;Corte de Cabelo;;70;0
C143;Miguel da Cunha;15;2024-09-18;Corte de Cabelo;Shampoo de barba;70;49
C146;Sr. Davi Luiz Cardoso;79;2024-09-18;Limpeza de pele;;45;0
C219;Lucca Nogueira;54;2024-09-18;Combo 1;Shampoo de barba;110;49
C096;Enzo Moreira;60;2024-09-18;Combo 1;Shampoo de barba;110;49
C119;Erick Caldeira;78;2024-09-18;Corte de Cabelo;Pomada de cabelo;70;89
C038;Sr. João Miguel Alves;50;2024-09-18;Corte de Cabelo;Balm;70;49
C148;Sr. Enrico Teixeira;21;2024-09-18;Corte de Cabelo;;70;0
C197;Dr. Lucca Porto;77;2024-09-18;Corte de Cabelo;;70;0
C225;Sr. João Felipe Pires;56;2024-09-19;Combo 1;;110;0
C104;Lucas Gabriel Gomes;76;2024-09-19;Combo 2;;100;0
C106;Sr. Yago Jesus;76;2024-09-19;Corte de Cabelo;;70;0
C186;Rodrigo Castro;68;2024-09-19;Limpeza de pele;;45;0
C210;João Miguel da Paz;64;2024-09-19;Corte de Cabelo;Shampoo de barba;70;49
C124;Dr. Gustavo Henrique Rodrigues;61;2024-09-19;Sobrancelha;Shampoo de barba;35;49
C116;Lucca Moraes;21;2024-09-19;Corte de Cabelo;;70;0
C100;Marcos Vinicius Novaes;33;2024-09-19;Corte a Maquina;;55;0
C043;Dr. Kaique Campos;35;2024-09-19;Barba Modelada;;55;0
C066;Benício Moreira;22;2024-09-19;Barba Modelada;;55;0
C178;Benício da Mata;56;2024-09-20;Corte de Cabelo;;70;0
C001;Carlos Eduardo Silveira;16;2024-09-20;Combo 1;Balm;110;49
C171;Erick Ferreira;18;2024-09-20;Combo 1;Pomada de cabelo;110;89
C099;Lucas Gabriel Almeida;19;2024-09-20;Corte de Cabelo;;70;0
C026;João Felipe Cavalcanti;77;2024-09-20;Sobrancelha;;35;0
C090;Yuri Fernandes;29;2024-09-20;Combo 1;Pomada de cabelo;110;89
C092;Marcos Vinicius Nogueira;42;2024-09-20;Depilação de nariz;;35;0
C220;Lorenzo Alves;26;2024-09-20;Corte de Cabelo;Pomada de cabelo;70;89
C023;Luiz Gustavo Moreira;55;2024-09-20;Combo 1;;110;0
C080;Anthony Souza;73;2024-09-20;Depilação de orelha;;35;0
C022;Danilo Fernandes;71;2024-09-20;Limpeza de pele;Balm;45;49
C223;Samuel Souza;57;2024-09-21;Barba Modelada;;55;0
C239;Danilo Pinto;19;2024-09-21;Combo 1;Balm;110;49
C017;Alexandre das Neves;66;2024-09-21;Corte de Cabelo;;70;0
C017;Alexandre das Neves;66;2024-09-21;Barba Modelada;;55;0
C064;Felipe Lopes;60;2024-09-21;Combo 1;;110;0
C070;Davi Luiz Fogaça;36;2024-09-21;Hidratação;;70;0
C077;Igor Pereira;61;2024-09-21;Corte de Cabelo;Balm;70;49
C118;Ryan Cavalcanti;56;2024-09-21;Barba Modelada;Balm;55;49
C202;Breno Vieira;31;2024-09-21;Depilação de orelha;;35;0
C191;Enrico Peixoto;10;2024-09-21;Corte de Cabelo;Pomada de cabelo;70;89
C239;Danilo Pinto;19;2024-09-21;Depilação de nariz;;35;0
C038;Sr. João Miguel Alves;50;2024-09-21;Combo 1;Pomada de cabelo;110;89
C194;Kevin Silva;77;2024-09-21;Combo 2;;100;0
C194;Kevin Silva;77;2024-09-21;Combo 2;;100;0
C197;Dr. Lucca Porto;77;2024-09-21;Acabamento;Balm;28;49
C144;Enrico Moura;40;2024-09-21;Combo 1;;110;0
C073;Sr. Diogo da Luz;23;2024-09-21;Corte de Cabelo;;70;0
C211;Cauê Almeida;29;2024-09-21;Corte a Maquina;;55;0
C031;Emanuel Farias;45;2024-09-22;Combo 1;;110;0
C144;Enrico Moura;40;2024-09-22;Corte de Cabelo;;70;0
C161;Luiz Miguel Sales;32;2024-09-22;Corte a Maquina;;55;0
C037;André da Paz;13;2024-09-22;Corte de Cabelo;;70;0
C152;Heitor Vieira;69;2024-09-22;Depilação de nariz;;35;0
C226;Pedro Henrique Jesus;54;2024-09-22;Barba Modelada;Pomada de cabelo;55;89
C053;Guilherme Fogaça;75;2024-09-22;Combo 2;;100;0
C171;Erick Ferreira;18;2024-09-22;Combo 1;;110;0
C018;Benício das Neves;79;2024-09-22;Corte de Cabelo;;70;0
C006;Dr. Davi Peixoto;19;2024-09-23;Corte a Maquina;;55;0
C240;Benjamin Lima;56;2024-09-23;Combo 1;;110;0
C041;Arthur Silveira;46;2024-09-23;Corte de Cabelo;;70;0
C016;Levi Pereira;31;2024-09-23;Corte de Cabelo;Shampoo de barba;70;49
C076;Marcelo Mendes;22;2024-09-23;Corte de Cabelo;Shampoo de barba;70;49
C245;Sr. Joaquim Martins;11;2024-09-23;Corte de Cabelo;;70;0
C240;Benjamin Lima;56;2024-09-23;Acabamento;;28;0
C069;Pedro Henrique Pires;28;2024-09-23;Combo 1;;110;0
C192;Sr. João Lucas Ribeiro;45;2024-09-23;Depilação de nariz;;35;0
C145;Pedro Henrique Vieira;66;2024-09-23;Corte de Cabelo;;70;0
C087;Augusto Nunes;53;2024-09-24;Corte de Cabelo;;70;0
C076;Marcelo Mendes;22;2024-09-24;Combo 1;;110;0
C123;Diogo Mendes;78;2024-09-24;Sobrancelha;;35;0
C017;Alexandre das Neves;66;2024-09-24;Corte a Maquina;;55;0
C150;Pedro Henrique Pereira;22;2024-09-24;Corte a Maquina;;55;0
C042;João Vitor Cardoso;79;2024-09-24;Corte de Cabelo;;70;0
C155;Dr. Davi Lucca Aragão;43;2024-09-24;Sobrancelha;;35;0
C089;Sr. Alexandre Cavalcanti;10;2024-09-24;Combo 1;;110;0
C133;Kevin Silva;16;2024-09-24;Corte de Cabelo;Balm;70;49
C249;Bryan da Mata;8;2024-09-24;Combo 1;Shampoo de barba;110;49
C204;João Vitor Martins;6;2024-09-24;Corte de Cabelo;;70;0
C056;Marcos Vinicius Lima;7;2024-09-24;Combo 1;;110;0
C148;Sr. Enrico Teixeira;21;2024-09-24;Limpeza de pele;;45;0
C124;Dr. Gustavo Henrique Rodrigues;61;2024-09-25;Combo 1;Pomada de cabelo;110;89
C182;Sr. Alexandre Azevedo;41;2024-09-25;Corte de Cabelo;;70;0
C164;Nathan Cardoso;74;2024-09-25;Corte de Cabelo;;70;0
C095;João Lucas Barbosa;52;2024-09-25;Combo 1;Shampoo de barba;110;49
C191;Enrico Peixoto;10;2024-09-25;Combo 1;;110;0
C181;Dr. Enzo Gabriel Pinto;27;2024-09-25;Corte de Cabelo;;70;0
C140;Cauã Freitas;66;2024-09-25;Barba Modelada;Pomada de cabelo;55;89
C217;Thales Ferreira;33;2024-09-25;Corte a Maquina;;55;0
C192;Sr. João Lucas Ribeiro;45;2024-09-25;Combo 1;;110;0
C086;Sr. Davi Lucas Vieira;42;2024-09-26;Depilação de nariz;;35;0
C058;Dr. Danilo Aragão;39;2024-09-26;Corte de Cabelo;;70;0
C010;Benjamin Fernandes;77;2024-09-26;Corte de Cabelo;;70;0
C043;Dr. Kaique Campos;35;2024-09-26;Combo 1;;110;0
C105;João Vitor Cunha;56;2024-09-26;Sobrancelha;;35;0
C018;Benício das Neves;79;2024-09-26;Combo 1;Shampoo de barba;110;49
C170;Dr. Noah Farias;18;2024-09-26;Combo 1;Pomada de cabelo;110;89
C061;Samuel da Luz;14;2024-09-26;Combo 1;Shampoo de barba;110;49
C186;Rodrigo Castro;68;2024-09-26;Corte de Cabelo;;70;0
C064;Felipe Lopes;60;2024-09-27;Corte de Cabelo;;70;0
C201;Nathan Gonçalves;9;2024-09-27;Combo 1;;110;0
C076;Marcelo Mendes;22;2024-09-27;Combo 2;;100;0
C024;Breno das Neves;30;2024-09-27;Corte de Cabelo;;70;0
C060;Marcos Vinicius Lopes;31;2024-09-27;Depilação de nariz;;35;0
C123;Diogo Mendes;78;2024-09-28;Barba Modelada;Balm;55;49
C085;João Lucas Azevedo;6;2024-09-28;Corte a Maquina;;55;0
C208;João Pedro Teixeira;32;2024-09-28;Combo 1;Shampoo de barba;110;49
C245;Sr. Joaquim Martins;11;2024-09-28;Corte de Cabelo;;70;0
C098;Dr. Nathan Viana;35;2024-09-28;Corte de Cabelo;Pomada de cabelo;70;89
C075;Thiago da Rosa;33;2024-09-28;Corte de Cabelo;;70;0
C204;João Vitor Martins;6;2024-09-28;Corte de Cabelo;;70;0
C155;Dr. Davi Lucca Aragão;43;2024-09-28;Combo 1;Balm;110;49
C142;Enzo da Mota;66;2024-09-28;Combo 1;;110;0
C110;Diego Moraes;19;2024-09-28;Corte de Cabelo;;70;0
C216;Thales Almeida;62;2024-09-29;Corte de Cabelo;;70;0
C143;Miguel da Cunha;15;2024-09-29;Combo 1;;110;0
C049;Emanuel Oliveira;12;2024-09-29;Corte de Cabelo;;70;0
C094;Felipe Barros;65;2024-09-29;Combo 2;;100;0
C094;Felipe Barros;65;2024-09-29;Corte de Cabelo;;70;0
C117;Henrique Barros;22;2024-09-29;Combo 1;;110;0
C116;Lucca Moraes;21;2024-09-29;Barba Modelada;;55;0
C029;Pedro Miguel da Cunha;22;2024-09-29;Sobrancelha;;35;0
C196;Gabriel Peixoto;31;2024-09-29;Hidratação;Shampoo de barba;70;49
C004;Sr. Davi Luiz Gomes;33;2024-09-29;Corte de Cabelo;Pomada de cabelo;70;89
C155;Dr. Davi Lucca Aragão;43;2024-09-29;Corte a Maquina;;55;0
C172;Dr. Luiz Henrique Azevedo;62;2024-09-29;Acabamento;;28;0
C168;Bruno Pires;10;2024-09-29;Combo 1;;110;0
C083;Samuel Azevedo;9;2024-09-30;Combo 1;;110;0
C133;Kevin Silva;16;2024-09-30;Combo 1;;110;0
C010;Benjamin Fernandes;77;2024-09-30;Depilação de nariz;;35;0
C209;Lorenzo Martins;37;2024-09-30;Barba Modelada;Pomada de cabelo;55;89
C238;Dr. Heitor da Costa;59;2024-10-01;Combo 2;Balm;100;49
C050;Pedro Henrique Fogaça;72;2024-10-01;Corte de Cabelo;;70;0
C032;Gabriel Teixeira;37;2024-10-01;Barba Modelada;;55;0
C008;Dr. Calebe Caldeira;71;2024-10-01;Sobrancelha;Shampoo de barba;35;49
C015;Theo Cardoso;29;2024-10-01;Corte de Cabelo;Pomada de cabelo;70;89
C159;João Ribeiro;48;2024-10-01;Acabamento;Pomada de cabelo;28;89
C083;Samuel Azevedo;9;2024-10-01;Corte de Cabelo;;70;0
C109;Luiz Otávio Santos;30;2024-10-01;Corte de Cabelo;;70;0
C225;Sr. João Felipe Pires;56;2024-10-01;Corte de Cabelo;Shampoo de barba;70;49
C159;João Ribeiro;48;2024-10-01;Combo 2;;100;0
C164;Nathan Cardoso;74;2024-10-01;Corte de Cabelo;;70;0
C084;Nicolas Oliveira;31;2024-10-02;Sobrancelha;;35;0
C171;Erick Ferreira;18;2024-10-02;Combo 2;;100;0
C018;Benício das Neves;79;2024-10-02;Corte a Maquina;Pomada de cabelo;55;89
C244;Sr. Benjamin Moura;33;2024-10-02;Barba Modelada;Pomada de cabelo;55;89
C066;Benício Moreira;22;2024-10-02;Combo 2;;100;0
C115;Bernardo Viana;16;2024-10-02;Combo 1;Shampoo de barba;110;49
C043;Dr. Kaique Campos;35;2024-10-02;Combo 2;Pomada de cabelo;100;89
C184;Sr. Alexandre Silva;49;2024-10-02;Corte de Cabelo;Pomada de cabelo;70;89
C245;Sr. Joaquim Martins;11;2024-10-02;Corte a Maquina;;55;0
C027;Dr. Kaique Farias;37;2024-10-02;Corte de Cabelo;;70;0
C079;João Guilherme Dias;36;2024-10-02;Limpeza de pele;;45;0
C152;Heitor Vieira;69;2024-10-02;Barba Modelada;Shampoo de barba;55;49
C160;Noah Porto;41;2024-10-02;Barba Modelada;;55;0
C069;Pedro Henrique Pires;28;2024-10-03;Barba Modelada;Balm;55;49
C067;João Felipe Monteiro;49;2024-10-03;Corte de Cabelo;;70;0
C004;Sr. Davi Luiz Gomes;33;2024-10-03;Hidratação;;70;0
C154;João Guilherme Ribeiro;78;2024-10-03;Corte a Maquina;Balm;55;49
C140;Cauã Freitas;66;2024-10-03;Combo 2;Pomada de cabelo;100;89
C208;João Pedro Teixeira;32;2024-10-03;Sobrancelha;Balm;35;49
C219;Lucca Nogueira;54;2024-10-03;Depilação de nariz;;35;0
C225;Sr. João Felipe Pires;56;2024-10-03;Combo 1;Shampoo de barba;110;49
C117;Henrique Barros;22;2024-10-03;Corte de Cabelo;;70;0
C099;Lucas Gabriel Almeida;19;2024-10-03;Corte de Cabelo;Pomada de cabelo;70;89
C092;Marcos Vinicius Nogueira;42;2024-10-03;Corte de Cabelo;;70;0
C241;Bruno Souza;25;2024-10-03;Corte de Cabelo;;70;0
C015;Theo Cardoso;29;2024-10-03;Combo 1;Pomada de cabelo;110;89
C134;Heitor Moura;39;2024-10-03;Depilação de nariz;Balm;35;49
C149;Enzo Gabriel Rocha;49;2024-10-04;Combo 1;;110;0
C079;João Guilherme Dias;36;2024-10-04;Combo 1;Shampoo de barba;110;49
C208;João Pedro Teixeira;32;2024-10-04;Depilação de orelha;Balm;35;49
C012;Yago Pereira;6;2024-10-04;Combo 1;Balm;110;49
C025;Dr. Leonardo Barros;59;2024-10-04;Combo 1;Balm;110;49
C152;Heitor Vieira;69;2024-10-04;Depilação de nariz;Pomada de cabelo;35;89
C228;Benjamin Carvalho;8;2024-10-04;Corte de Cabelo;Pomada de cabelo;70;89
C060;Marcos Vinicius Lopes;31;2024-10-04;Corte de Cabelo;;70;0
C208;João Pedro Teixeira;32;2024-10-04;Combo 1;;110;0
C020;Sr. Calebe Peixoto;73;2024-10-04;Corte a Maquina;;55;0
C061;Samuel da Luz;14;2024-10-05;Corte de Cabelo;;70;0
C067;João Felipe Monteiro;49;2024-10-05;Combo 1;;110;0
C065;Vinicius Aragão;48;2024-10-05;Corte a Maquina;;55;0
C061;Samuel da Luz;14;2024-10-05;Corte de Cabelo;;70;0
C092;Marcos Vinicius Nogueira;42;2024-10-05;Combo 1;Pomada de cabelo;110;89
C091;Marcos Vinicius Castro;74;2024-10-05;Corte a Maquina;Shampoo de barba;55;49
C012;Yago Pereira;6;2024-10-05;Combo 1;;110;0
C177;Thiago Melo;79;2024-10-05;Combo 2;;100;0
C092;Marcos Vinicius Nogueira;42;2024-10-05;Combo 1;;110;0
C183;Sr. Enrico das Neves;53;2024-10-05;Combo 1;Pomada de cabelo;110;89
C247;Dr. Danilo Caldeira;72;2024-10-05;Corte a Maquina;Balm;55;49
C060;Marcos Vinicius Lopes;31;2024-10-05;Barba Modelada;Balm;55;49
C152;Heitor Vieira;69;2024-10-06;Corte de Cabelo;;70;0
C248;Bernardo Rocha;14;2024-10-06;Corte de Cabelo;;70;0
C198;Dr. Luiz Miguel Vieira;30;2024-10-06;Corte de Cabelo;;70;0
C126;Davi da Cunha;34;2024-10-06;Barba Modelada;;55;0
C076;Marcelo Mendes;22;2024-10-06;Combo 1;;110;0
C146;Sr. Davi Luiz Cardoso;79;2024-10-06;Combo 2;;100;0
C083;Samuel Azevedo;9;2024-10-06;Corte de Cabelo;;70;0
C066;Benício Moreira;22;2024-10-06;Depilação de orelha;;35;0
C064;Felipe Lopes;60;2024-10-06;Combo 2;Pomada de cabelo;100;89
C104;Lucas Gabriel Gomes;76;2024-10-06;Limpeza de pele;;45;0
C221;João Felipe Almeida;14;2024-10-06;Combo 1;;110;0
C140;Cauã Freitas;66;2024-10-06;Corte de Cabelo;;70;0
C054;Joaquim Caldeira;26;2024-10-06;Hidratação;;70;0
C060;Marcos Vinicius Lopes;31;2024-10-07;Barba Modelada;;55;0
C060;Marcos Vinicius Lopes;31;2024-10-07;Acabamento;;28;0
C170;Dr. Noah Farias;18;2024-10-07;Combo 1;Shampoo de barba;110;49
C162;Breno da Paz;9;2024-10-07;Combo 1;;110;0
C240;Benjamin Lima;56;2024-10-07;Sobrancelha;;35;0
C205;Luiz Felipe Almeida;44;2024-10-07;Corte a Maquina;Balm;55;49
C140;Cauã Freitas;66;2024-10-07;Corte de Cabelo;;70;0
C049;Emanuel Oliveira;12;2024-10-08;Combo 1;;110;0
C223;Samuel Souza;57;2024-10-08;Depilação de nariz;Pomada de cabelo;35;89
C051;Lorenzo Fernandes;39;2024-10-08;Corte de Cabelo;;70;0
C021;Breno Nogueira;27;2024-10-08;Combo 1;;110;0
C084;Nicolas Oliveira;31;2024-10-08;Combo 1;Balm;110;49
C066;Benício Moreira;22;2024-10-08;Combo 1;;110;0
C126;Davi da Cunha;34;2024-10-09;Combo 2;;100;0
C177;Thiago Melo;79;2024-10-09;Sobrancelha;;35;0
C139;Luiz Felipe Pinto;35;2024-10-09;Hidratação;Shampoo de barba;70;49
C062;Lorenzo da Paz;50;2024-10-09;Corte a Maquina;;55;0
C219;Lucca Nogueira;54;2024-10-09;Combo 2;;100;0
C182;Sr. Alexandre Azevedo;41;2024-10-09;Barba Modelada;;55;0
C100;Marcos Vinicius Novaes;33;2024-10-09;Combo 2;;100;0
C058;Dr. Danilo Aragão;39;2024-10-09;Combo 1;;110;0
C032;Gabriel Teixeira;37;2024-10-09;Barba Modelada;Balm;55;49
C059;Sr. Caio Teixeira;12;2024-10-09;Corte a Maquina;;55;0
C240;Benjamin Lima;56;2024-10-09;Corte de Cabelo;;70;0
C160;Noah Porto;41;2024-10-09;Hidratação;Balm;70;49
C017;Alexandre das Neves;66;2024-10-09;Corte de Cabelo;;70;0
C074;Lucas Gabriel Azevedo;70;2024-10-09;Combo 2;;100;0
C227;Davi Luiz da Paz;61;2024-10-09;Hidratação;;70;0
C132;João Vitor Azevedo;45;2024-10-10;Combo 1;Pomada de cabelo;110;89
C151;Cauê Oliveira;71;2024-10-10;Depilação de orelha;Balm;35;49
C144;Enrico Moura;40;2024-10-10;Combo 1;;110;0
C043;Dr. Kaique Campos;35;2024-10-10;Corte a Maquina;;55;0
C181;Dr. Enzo Gabriel Pinto;27;2024-10-10;Combo 1;;110;0
C045;Luiz Gustavo Oliveira;60;2024-10-10;Barba Modelada;Shampoo de barba;55;49
C010;Benjamin Fernandes;77;2024-10-10;Corte de Cabelo;Shampoo de barba;70;49
C004;Sr. Davi Luiz Gomes;33;2024-10-10;Barba Modelada;;55;0
C181;Dr. Enzo Gabriel Pinto;27;2024-10-10;Depilação de orelha;;35;0
C206;Sr. Bryan Rezende;11;2024-10-10;Combo 1;;110;0
C209;Lorenzo Martins;37;2024-10-10;Barba Modelada;;55;0
C156;João Felipe das Neves;64;2024-10-10;Corte a Maquina;;55;0
C204;João Vitor Martins;6;2024-10-10;Corte de Cabelo;;70;0
C189;Enzo Gomes;33;2024-10-10;Acabamento;Balm;28;49
C250;Pedro Lucas Martins;71;2024-10-10;Combo 2;;100;0
C146;Sr. Davi Luiz Cardoso;79;2024-10-10;Corte de Cabelo;;70;0
C145;Pedro Henrique Vieira;66;2024-10-10;Depilação de nariz;Pomada de cabelo;35;89
C122;Nathan Moura;50;2024-10-10;Sobrancelha;;35;0
C153;Yuri Cardoso;2;2024-10-11;Combo 1;;110;0
C181;Dr. Enzo Gabriel Pinto;27;2024-10-11;Combo 1;;110;0
C012;Yago Pereira;6;2024-10-11;Combo 1;;110;0
C164;Nathan Cardoso;74;2024-10-11;Limpeza de pele;;45;0
C037;André da Paz;13;2024-10-11;Corte a Maquina;;55;0
C241;Bruno Souza;25;2024-10-11;Corte de Cabelo;;70;0
C146;Sr. Davi Luiz Cardoso;79;2024-10-11;Corte a Maquina;;55;0
C043;Dr. Kaique Campos;35;2024-10-12;Corte de Cabelo;;70;0
C098;Dr. Nathan Viana;35;2024-10-12;Corte de Cabelo;Shampoo de barba;70;49
C042;João Vitor Cardoso;79;2024-10-12;Corte a Maquina;;55;0
C142;Enzo da Mota;66;2024-10-12;Combo 1;Balm;110;49
C082;Yuri Teixeira;43;2024-10-12;Combo 1;;110;0
C099;Lucas Gabriel Almeida;19;2024-10-12;Combo 1;;110;0
C173;Lucca da Paz;72;2024-10-12;Corte de Cabelo;;70;0
C140;Cauã Freitas;66;2024-10-12;Corte de Cabelo;;70;0
C037;André da Paz;13;2024-10-12;Corte de Cabelo;;70;0
C142;Enzo da Mota;66;2024-10-12;Combo 1;;110;0
C197;Dr. Lucca Porto;77;2024-10-12;Hidratação;;70;0
C060;Marcos Vinicius Lopes;31;2024-10-12;Combo 1;Balm;110;49
C210;João Miguel da Paz;64;2024-10-12;Barba Modelada;Balm;55;49
C150;Pedro Henrique Pereira;22;2024-10-12;Combo 1;Balm;110;49
C008;Dr. Calebe Caldeira;71;2024-10-12;Corte de Cabelo;;70;0
C051;Lorenzo Fernandes;39;2024-10-13;Combo 2;Balm;100;49
C161;Luiz Miguel Sales;32;2024-10-13;Acabamento;;28;0
C012;Yago Pereira;6;2024-10-13;Corte de Cabelo;;70;0
C215;Dr. Luiz Gustavo da Luz;75;2024-10-13;Corte de Cabelo;;70;0
C158;Vicente Cardoso;16;2024-10-13;Corte de Cabelo;;70;0
C220;Lorenzo Alves;26;2024-10-13;Barba Modelada;;55;0
C248;Bernardo Rocha;14;2024-10-13;Corte de Cabelo;;70;0
C206;Sr. Bryan Rezende;11;2024-10-13;Corte de Cabelo;;70;0
C213;Sr. Luiz Henrique da Conceição;18;2024-10-13;Combo 1;Shampoo de barba;110;49
C166;Sr. João Vitor Vieira;12;2024-10-14;Corte de Cabelo;;70;0
C243;Diogo Ribeiro;61;2024-10-14;Combo 1;Pomada de cabelo;110;89
C023;Luiz Gustavo Moreira;55;2024-10-14;Combo 1;;110;0
C020;Sr. Calebe Peixoto;73;2024-10-14;Combo 1;;110;0
C226;Pedro Henrique Jesus;54;2024-10-14;Corte a Maquina;;55;0
C074;Lucas Gabriel Azevedo;70;2024-10-14;Hidratação;Shampoo de barba;70;49
C106;Sr. Yago Jesus;76;2024-10-14;Combo 1;Pomada de cabelo;110;89
C202;Breno Vieira;31;2024-10-14;Depilação de nariz;;35;0
C172;Dr. Luiz Henrique Azevedo;62;2024-10-14;Barba Modelada;Pomada de cabelo;55;89
C097;Nicolas Gomes;20;2024-10-14;Barba Modelada;;55;0
C224;Noah Nascimento;47;2024-10-14;Barba Modelada;;55;0
C086;Sr. Davi Lucas Vieira;42;2024-10-14;Corte de Cabelo;Shampoo de barba;70;49
C042;João Vitor Cardoso;79;2024-10-14;Combo 1;;110;0
C147;Miguel Alves;27;2024-10-14;Corte de Cabelo;;70;0
C069;Pedro Henrique Pires;28;2024-10-15;Corte a Maquina;;55;0
C165;Vitor Novaes;12;2024-10-15;Combo 1;;110;0
C155;Dr. Davi Lucca Aragão;43;2024-10-15;Corte de Cabelo;;70;0
C101;Rodrigo Ferreira;73;2024-10-15;Combo 1;Balm;110;49
C147;Miguel Alves;27;2024-10-15;Combo 2;;100;0
C103;João Vitor Martins;35;2024-10-15;Hidratação;;70;0
C094;Felipe Barros;65;2024-10-15;Barba Modelada;;55;0
C077;Igor Pereira;61;2024-10-15;Combo 2;;100;0
C093;Calebe Dias;29;2024-10-15;Combo 1;;110;0
C050;Pedro Henrique Fogaça;72;2024-10-15;Depilação de orelha;Pomada de cabelo;35;89
C086;Sr. Davi Lucas Vieira;42;2024-10-15;Barba Modelada;;55;0
C226;Pedro Henrique Jesus;54;2024-10-15;Acabamento;;28;0
C098;Dr. Nathan Viana;35;2024-10-15;Corte a Maquina;Shampoo de barba;55;49
C107;Dr. Gabriel Souza;53;2024-10-15;Barba Modelada;;55;0
C051;Lorenzo Fernandes;39;2024-10-15;Sobrancelha;;35;0
C236;Eduardo Ramos;26;2024-10-15;Combo 2;;100;0
C135;Lucas Costa;57;2024-10-16;Barba Modelada;Shampoo de barba;55;49
C127;Luiz Otávio da Rocha;72;2024-10-16;Combo 1;;110;0
C056;Marcos Vinicius Lima;7;2024-10-16;Corte de Cabelo;;70;0
C239;Danilo Pinto;19;2024-10-16;Combo 1;;110;0
C004;Sr. Davi Luiz Gomes;33;2024-10-16;Barba Modelada;;55;0
C224;Noah Nascimento;47;2024-10-16;Hidratação;Balm;70;49
C114;João Gabriel da Mota;8;2024-10-16;Combo 1;;110;0
C125;Dr. Daniel Cardoso;69;2024-10-17;Combo 1;;110;0
C202;Breno Vieira;31;2024-10-17;Acabamento;Balm;28;49
C123;Diogo Mendes;78;2024-10-17;Limpeza de pele;Shampoo de barba;45;49
C025;Dr. Leonardo Barros;59;2024-10-17;Acabamento;;28;0
C090;Yuri Fernandes;29;2024-10-17;Hidratação;;70;0
C226;Pedro Henrique Jesus;54;2024-10-17;Combo 1;;110;0
C098;Dr. Nathan Viana;35;2024-10-17;Hidratação;;70;0
C031;Emanuel Farias;45;2024-10-17;Depilação de orelha;;35;0
C152;Heitor Vieira;69;2024-10-17;Depilação de nariz;;35;0
C245;Sr. Joaquim Martins;11;2024-10-17;Corte de Cabelo;Shampoo de barba;70;49
C033;Marcelo Ribeiro;21;2024-10-17;Limpeza de pele;;45;0
C074;Lucas Gabriel Azevedo;70;2024-10-18;Barba Modelada;;55;0
C249;Bryan da Mata;8;2024-10-18;Combo 1;;110;0
C131;Enzo Gabriel Porto;36;2024-10-18;Corte a Maquina;;55;0
C064;Felipe Lopes;60;2024-10-18;Combo 1;Shampoo de barba;110;49
C119;Erick Caldeira;78;2024-10-18;Corte a Maquina;;55;0
C196;Gabriel Peixoto;31;2024-10-18;Barba Modelada;;55;0
C036;Dr. Davi Lucas Azevedo;15;2024-10-18;Combo 1;;110;0
C071;Rafael Mendes;11;2024-10-18;Combo 1;;110;0
C016;Levi Pereira;31;2024-10-18;Corte de Cabelo;Shampoo de barba;70;49
C119;Erick Caldeira;78;2024-10-18;Corte a Maquina;Balm;55;49
C073;Sr. Diogo da Luz;23;2024-10-18;Limpeza de pele;;45;0
C077;Igor Pereira;61;2024-10-18;Combo 2;;100;0
C110;Diego Moraes;19;2024-10-18;Corte de Cabelo;Shampoo de barba;70;49
C149;Enzo Gabriel Rocha;49;2024-10-18;Combo 1;Shampoo de barba;110;49
C049;Emanuel Oliveira;12;2024-10-18;Corte de Cabelo;;70;0
C013;Ryan Porto;5;2024-10-18;Combo 1;;110;0
C224;Noah Nascimento;47;2024-10-19;Combo 1;;110;0
C208;João Pedro Teixeira;32;2024-10-19;Combo 2;Pomada de cabelo;100;89
C216;Thales Almeida;62;2024-10-19;Corte de Cabelo;;70;0
C217;Thales Ferreira;33;2024-10-19;Combo 1;;110;0
C135;Lucas Costa;57;2024-10-19;Combo 1;;110;0
C099;Lucas Gabriel Almeida;19;2024-10-19;Combo 1;;110;0
C075;Thiago da Rosa;33;2024-10-19;Combo 2;;100;0
C026;João Felipe Cavalcanti;77;2024-10-19;Combo 1;;110;0
C233;Sr. Thomas Silva;15;2024-10-19;Corte de Cabelo;;70;0
C154;João Guilherme Ribeiro;78;2024-10-19;Corte de Cabelo;;70;0
C051;Lorenzo Fernandes;39;2024-10-19;Combo 2;;100;0
C005;Dr. Enrico Ribeiro;30;2024-10-20;Corte de Cabelo;Balm;70;49
C193;Diego Campos;4;2024-10-20;Corte a Maquina;;55;0
C141;Noah Freitas;24;2024-10-20;Sobrancelha;;35;0
C083;Samuel Azevedo;9;2024-10-20;Corte de Cabelo;;70;0
C213;Sr. Luiz Henrique da Conceição;18;2024-10-20;Limpeza de pele;;45;0
C244;Sr. Benjamin Moura;33;2024-10-20;Combo 1;;110;0
C130;Dr. Luigi Ferreira;70;2024-10-20;Corte de Cabelo;;70;0
C086;Sr. Davi Lucas Vieira;42;2024-10-20;Corte a Maquina;;55;0
C027;Dr. Kaique Farias;37;2024-10-20;Hidratação;;70;0
C072;João Lucas Cunha;79;2024-10-20;Depilação de nariz;Pomada de cabelo;35;89
C238;Dr. Heitor da Costa;59;2024-10-20;Combo 2;;100;0
C176;Lucas Gabriel Costela;69;2024-10-21;Limpeza de pele;;45;0
C024;Breno das Neves;30;2024-10-21;Corte de Cabelo;Shampoo de barba;70;49
C055;Sr. Joaquim Cavalcanti;10;2024-10-21;Corte de Cabelo;;70;0
C052;Pedro Miguel Sales;48;2024-10-21;Sobrancelha;;35;0
C107;Dr. Gabriel Souza;53;2024-10-21;Corte de Cabelo;;70;0
C232;Levi da Mota;45;2024-10-21;Combo 1;;110;0
C248;Bernardo Rocha;14;2024-10-21;Combo 1;;110;0
C006;Dr. Davi Peixoto;19;2024-10-21;Corte de Cabelo;;70;0
C105;João Vitor Cunha;56;2024-10-21;Corte de Cabelo;;70;0
C100;Marcos Vinicius Novaes;33;2024-10-21;Combo 1;;110;0
C058;Dr. Danilo Aragão;39;2024-10-21;Corte a Maquina;;55;0
C073;Sr. Diogo da Luz;23;2024-10-21;Corte de Cabelo;;70;0
C123;Diogo Mendes;78;2024-10-22;Combo 1;;110;0
C216;Thales Almeida;62;2024-10-22;Barba Modelada;;55;0
C185;Dr. Marcelo Silva;58;2024-10-22;Barba Modelada;Balm;55;49
C077;Igor Pereira;61;2024-10-22;Combo 1;;110;0
C187;Ian Moraes;59;2024-10-22;Corte de Cabelo;;70;0
C098;Dr. Nathan Viana;35;2024-10-22;Depilação de nariz;;35;0
C046;Calebe das Neves;70;2024-10-22;Corte de Cabelo;;70;0
C147;Miguel Alves;27;2024-10-22;Combo 1;Balm;110;49
C004;Sr. Davi Luiz Gomes;33;2024-10-22;Combo 1;Shampoo de barba;110;49
C170;Dr. Noah Farias;18;2024-10-23;Depilação de nariz;Pomada de cabelo;35;89
C130;Dr. Luigi Ferreira;70;2024-10-23;Acabamento;;28;0
C059;Sr. Caio Teixeira;12;2024-10-23;Corte de Cabelo;Pomada de cabelo;70;89
C186;Rodrigo Castro;68;2024-10-23;Corte de Cabelo;Shampoo de barba;70;49
C135;Lucas Costa;57;2024-10-24;Corte a Maquina;;55;0
C220;Lorenzo Alves;26;2024-10-24;Corte de Cabelo;Balm;70;49
C156;João Felipe das Neves;64;2024-10-24;Combo 2;;100;0
C220;Lorenzo Alves;26;2024-10-24;Corte de Cabelo;;70;0
C099;Lucas Gabriel Almeida;19;2024-10-24;Combo 2;;100;0
C167;Marcos Vinicius Ferreira;64;2024-10-24;Combo 1;Balm;110;49
C117;Henrique Barros;22;2024-10-24;Sobrancelha;;35;0
C008;Dr. Calebe Caldeira;71;2024-10-24;Corte a Maquina;Shampoo de barba;55;49
C048;Otávio Araújo;50;2024-10-24;Combo 2;;100;0
C174;Leonardo Novaes;23;2024-10-24;Corte de Cabelo;;70;0
C022;Danilo Fernandes;71;2024-10-24;Corte a Maquina;Shampoo de barba;55;49
C057;Sr. Juan Cavalcanti;31;2024-10-24;Corte de Cabelo;Pomada de cabelo;70;89
C141;Noah Freitas;24;2024-10-24;Combo 2;;100;0
C032;Gabriel Teixeira;37;2024-10-24;Barba Modelada;;55;0
C178;Benício da Mata;56;2024-10-24;Combo 1;;110;0
C084;Nicolas Oliveira;31;2024-10-24;Combo 2;Balm;100;49
C154;João Guilherme Ribeiro;78;2024-10-24;Combo 2;Shampoo de barba;100;49
C224;Noah Nascimento;47;2024-10-25;Corte de Cabelo;;70;0
C154;João Guilherme Ribeiro;78;2024-10-25;Combo 2;;100;0
C080;Anthony Souza;73;2024-10-25;Corte de Cabelo;Shampoo de barba;70;49
C208;João Pedro Teixeira;32;2024-10-25;Limpeza de pele;Shampoo de barba;45;49
C055;Sr. Joaquim Cavalcanti;10;2024-10-25;Corte de Cabelo;;70;0
C070;Davi Luiz Fogaça;36;2024-10-25;Corte de Cabelo;Pomada de cabelo;70;89
C035;Cauê Pereira;45;2024-10-25;Depilação de nariz;;35;0
C077;Igor Pereira;61;2024-10-25;Depilação de orelha;;35;0
C183;Sr. Enrico das Neves;53;2024-10-25;Combo 1;;110;0
C100;Marcos Vinicius Novaes;33;2024-10-25;Barba Modelada;Shampoo de barba;55;49
C137;Danilo Viana;60;2024-10-25;Depilação de nariz;;35;0
C185;Dr. Marcelo Silva;58;2024-10-26;Corte de Cabelo;Balm;70;49
C123;Diogo Mendes;78;2024-10-26;Combo 1;Pomada de cabelo;110;89
C049;Emanuel Oliveira;12;2024-10-26;Corte de Cabelo;Balm;70;49
C092;Marcos Vinicius Nogueira;42;2024-10-26;Combo 1;;110;0
C185;Dr. Marcelo Silva;58;2024-10-26;Combo 1;Pomada de cabelo;110;89
C250;Pedro Lucas Martins;71;2024-10-26;Limpeza de pele;Shampoo de barba;45;49
C022;Danilo Fernandes;71;2024-10-26;Acabamento;Pomada de cabelo;28;89
C137;Danilo Viana;60;2024-10-26;Corte a Maquina;Balm;55;49
C062;Lorenzo da Paz;50;2024-10-26;Corte de Cabelo;Pomada de cabelo;70;89
C081;Pedro Henrique da Cruz;30;2024-10-26;Limpeza de pele;;45;0
C041;Arthur Silveira;46;2024-10-26;Sobrancelha;Pomada de cabelo;35;89
C016;Levi Pereira;31;2024-10-26;Combo 2;;100;0
C016;Levi Pereira;31;2024-10-27;Corte a Maquina;;55;0
C102;Kevin Moraes;70;2024-10-27;Combo 2;Pomada de cabelo;100;89
C002;Raul da Rocha;5;2024-10-27;Combo 1;Shampoo de barba;110;49
C016;Levi Pereira;31;2024-10-27;Acabamento;;28;0
C023;Luiz Gustavo Moreira;55;2024-10-27;Hidratação;;70;0
C246;Sr. Cauê da Costa;58;2024-10-27;Corte a Maquina;Shampoo de barba;55;49
C160;Noah Porto;41;2024-10-27;Corte de Cabelo;;70;0
C050;Pedro Henrique Fogaça;72;2024-10-27;Barba Modelada;;55;0
C143;Miguel da Cunha;15;2024-10-27;Corte a Maquina;Balm;55;49
C058;Dr. Danilo Aragão;39;2024-10-27;Combo 1;Pomada de cabelo;110;89
C158;Vicente Cardoso;16;2024-10-27;Corte de Cabelo;;70;0
C214;Gustavo Barbosa;75;2024-10-27;Combo 2;;100;0
C102;Kevin Moraes;70;2024-10-27;Corte a Maquina;Shampoo de barba;55;49
C078;Luiz Fernando Costa;50;2024-10-27;Corte de Cabelo;;70;0
C033;Marcelo Ribeiro;21;2024-10-27;Barba Modelada;;55;0
C064;Felipe Lopes;60;2024-10-27;Combo 2;;100;0
C032;Gabriel Teixeira;37;2024-10-27;Combo 2;Pomada de cabelo;100;89
C102;Kevin Moraes;70;2024-10-28;Barba Modelada;;55;0
C156;João Felipe das Neves;64;2024-10-28;Limpeza de pele;;45;0
C135;Lucas Costa;57;2024-10-28;Combo 1;Shampoo de barba;110;49
C189;Enzo Gomes;33;2024-10-28;Depilação de nariz;;35;0
C018;Benício das Neves;79;2024-10-28;Corte de Cabelo;Shampoo de barba;70;49
C116;Lucca Moraes;21;2024-10-28;Limpeza de pele;Balm;45;49
C164;Nathan Cardoso;74;2024-10-28;Barba Modelada;Pomada de cabelo;55;89
C219;Lucca Nogueira;54;2024-10-28;Corte de Cabelo;;70;0
C015;Theo Cardoso;29;2024-10-28;Combo 1;;110;0
C109;Luiz Otávio Santos;30;2024-10-28;Combo 1;;110;0
C164;Nathan Cardoso;74;2024-10-28;Hidratação;Balm;70;49
C207;Pietro Caldeira;67;2024-10-29;Combo 1;Shampoo de barba;110;49
C231;Francisco Vieira;53;2024-10-29;Combo 1;;110;0
C064;Felipe Lopes;60;2024-10-29;Combo 2;Shampoo de barba;100;49
C213;Sr. Luiz Henrique da Conceição;18;2024-10-29;Barba Modelada;;55;0
C198;Dr. Luiz Miguel Vieira;30;2024-10-29;Corte de Cabelo;;70;0
C231;Francisco Vieira;53;2024-10-29;Corte de Cabelo;Pomada de cabelo;70;89
C247;Dr. Danilo Caldeira;72;2024-10-29;Sobrancelha;;35;0
C208;João Pedro Teixeira;32;2024-10-29;Combo 1;;110;0
C092;Marcos Vinicius Nogueira;42;2024-10-29;Barba Modelada;;55;0
C024;Breno das Neves;30;2024-10-29;Corte de Cabelo;;70;0
C131;Enzo Gabriel Porto;36;2024-10-29;Barba Modelada;;55;0
C111;Antônio Alves;67;2024-10-29;Combo 1;Balm;110;49
C049;Emanuel Oliveira;12;2024-10-29;Corte de Cabelo;;70;0
C114;João Gabriel da Mota;8;2024-10-29;Combo 1;;110;0
C171;Erick Ferreira;18;2024-10-29;Depilação de orelha;Shampoo de barba;35;49
C076;Marcelo Mendes;22;2024-10-29;Combo 1;Shampoo de barba;110;49
C183;Sr. Enrico das Neves;53;2024-10-30;Barba Modelada;Pomada de cabelo;55;89
C031;Emanuel Farias;45;2024-10-30;Corte de Cabelo;;70;0
C197;Dr. Lucca Porto;77;2024-10-30;Corte a Maquina;Balm;55;49
C028;Davi Lucas da Costa;2;2024-10-30;Corte a Maquina;;55;0
C239;Danilo Pinto;19;2024-10-30;Combo 1;Pomada de cabelo;110;89
C139;Luiz Felipe Pinto;35;2024-10-30;Corte a Maquina;;55;0
C154;João Guilherme Ribeiro;78;2024-10-30;Combo 1;;110;0
C156;João Felipe das Neves;64;2024-10-30;Combo 1;Shampoo de barba;110;49
C086;Sr. Davi Lucas Vieira;42;2024-10-30;Depilação de nariz;;35;0
C220;Lorenzo Alves;26;2024-10-30;Limpeza de pele;;45;0
C084;Nicolas Oliveira;31;2024-10-31;Limpeza de pele;;45;0
C150;Pedro Henrique Pereira;22;2024-10-31;Corte de Cabelo;;70;0
C008;Dr. Calebe Caldeira;71;2024-10-31;Corte de Cabelo;;70;0
C021;Breno Nogueira;27;2024-10-31;Corte a Maquina;;55;0
C034;João Moraes;29;2024-10-31;Combo 1;;110;0
C006;Dr. Davi Peixoto;19;2024-10-31;Combo 1;;110;0
C216;Thales Almeida;62;2024-10-31;Combo 1;;110;0
C153;Yuri Cardoso;2;2024-10-31;Corte de Cabelo;;70;0
C167;Marcos Vinicius Ferreira;64;2024-10-31;Combo 1;Balm;110;49
C101;Rodrigo Ferreira;73;2024-10-31;Combo 1;Balm;110;49
C058;Dr. Danilo Aragão;39;2024-10-31;Sobrancelha;;35;0
C020;Sr. Calebe Peixoto;73;2024-10-31;Combo 1;;110;0
C028;Davi Lucas da Costa;2;2024-11-01;Corte de Cabelo;Pomada de cabelo;70;89
C100;Marcos Vinicius Novaes;33;2024-11-01;Corte de Cabelo;Balm;70;49
C226;Pedro Henrique Jesus;54;2024-11-01;Depilação de nariz;;35;0
C212;Breno da Costa;71;2024-11-01;Barba Modelada;;55;0
C223;Samuel Souza;57;2024-11-01;Barba Modelada;;55;0
C037;André da Paz;13;2024-11-01;Combo 1;;110;0
C033;Marcelo Ribeiro;21;2024-11-01;Combo 2;;100;0
C175;Diogo Almeida;35;2024-11-01;Depilação de orelha;;35;0
C157;Erick da Cruz;4;2024-11-01;Corte de Cabelo;;70;0
C021;Breno Nogueira;27;2024-11-01;Depilação de nariz;;35;0
C018;Benício das Neves;79;2024-11-01;Combo 1;;110;0
C086;Sr. Davi Lucas Vieira;42;2024-11-01;Acabamento;;28;0
C187;Ian Moraes;59;2024-11-01;Barba Modelada;Balm;55;49
C117;Henrique Barros;22;2024-11-02;Corte de Cabelo;;70;0
C075;Thiago da Rosa;33;2024-11-02;Acabamento;Balm;28;49
C166;Sr. João Vitor Vieira;12;2024-11-02;Corte de Cabelo;;70;0
C004;Sr. Davi Luiz Gomes;33;2024-11-02;Depilação de orelha;;35;0
C165;Vitor Novaes;12;2024-11-02;Combo 1;;110;0
C180;Bryan Azevedo;71;2024-11-02;Combo 1;;110;0
C142;Enzo da Mota;66;2024-11-02;Combo 1;Pomada de cabelo;110;89
C247;Dr. Danilo Caldeira;72;2024-11-02;Limpeza de pele;;45;0
C178;Benício da Mata;56;2024-11-02;Corte a Maquina;;55;0
C171;Erick Ferreira;18;2024-11-02;Barba Modelada;;55;0
C118;Ryan Cavalcanti;56;2024-11-02;Corte de Cabelo;Pomada de cabelo;70;89
C108;Dr. Luiz Fernando Porto;48;2024-11-02;Barba Modelada;Balm;55;49
C027;Dr. Kaique Farias;37;2024-11-02;Barba Modelada;;55;0
C008;Dr. Calebe Caldeira;71;2024-11-02;Combo 1;;110;0
C205;Luiz Felipe Almeida;44;2024-11-03;Depilação de nariz;;35;0
C024;Breno das Neves;30;2024-11-03;Limpeza de pele;Shampoo de barba;45;49
C069;Pedro Henrique Pires;28;2024-11-03;Acabamento;;28;0
C082;Yuri Teixeira;43;2024-11-03;Combo 1;;110;0
C117;Henrique Barros;22;2024-11-03;Corte de Cabelo;;70;0
C153;Yuri Cardoso;2;2024-11-03;Corte a Maquina;;55;0
C060;Marcos Vinicius Lopes;31;2024-11-03;Acabamento;;28;0
C013;Ryan Porto;5;2024-11-03;Corte a Maquina;;55;0
C185;Dr. Marcelo Silva;58;2024-11-03;Limpeza de pele;;45;0
C206;Sr. Bryan Rezende;11;2024-11-04;Corte de Cabelo;;70;0
C248;Bernardo Rocha;14;2024-11-04;Corte a Maquina;Balm;55;49
C144;Enrico Moura;40;2024-11-04;Combo 1;;110;0
C052;Pedro Miguel Sales;48;2024-11-04;Corte de Cabelo;Balm;70;49
C087;Augusto Nunes;53;2024-11-04;Depilação de orelha;;35;0
C023;Luiz Gustavo Moreira;55;2024-11-04;Barba Modelada;;55;0
C091;Marcos Vinicius Castro;74;2024-11-04;Combo 2;Pomada de cabelo;100;89
C177;Thiago Melo;79;2024-11-04;Corte de Cabelo;;70;0
C207;Pietro Caldeira;67;2024-11-04;Corte de Cabelo;Shampoo de barba;70;49
C062;Lorenzo da Paz;50;2024-11-04;Corte de Cabelo;;70;0
C196;Gabriel Peixoto;31;2024-11-04;Barba Modelada;Shampoo de barba;55;49
C114;João Gabriel da Mota;8;2024-11-04;Combo 1;Pomada de cabelo;110;89
C116;Lucca Moraes;21;2024-11-05;Combo 2;;100;0
C024;Breno das Neves;30;2024-11-05;Combo 1;Pomada de cabelo;110;89
C032;Gabriel Teixeira;37;2024-11-05;Combo 1;;110;0
C157;Erick da Cruz;4;2024-11-05;Combo 1;;110;0
C079;João Guilherme Dias;36;2024-11-05;Barba Modelada;;55;0
C159;João Ribeiro;48;2024-11-05;Corte a Maquina;;55;0
C249;Bryan da Mata;8;2024-11-05;Combo 1;Pomada de cabelo;110;89
C150;Pedro Henrique Pereira;22;2024-11-05;Barba Modelada;Balm;55;49
C121;Eduardo Nascimento;51;2024-11-05;Acabamento;;28;0
C131;Enzo Gabriel Porto;36;2024-11-06;Depilação de orelha;;35;0
C116;Lucca Moraes;21;2024-11-06;Corte de Cabelo;;70;0
C056;Marcos Vinicius Lima;7;2024-11-06;Corte de Cabelo;;70;0
C126;Davi da Cunha;34;2024-11-06;Corte de Cabelo;;70;0
C079;João Guilherme Dias;36;2024-11-06;Corte a Maquina;Shampoo de barba;55;49
C002;Raul da Rocha;5;2024-11-06;Corte de Cabelo;;70;0
C191;Enrico Peixoto;10;2024-11-06;Combo 1;;110;0
C104;Lucas Gabriel Gomes;76;2024-11-06;Corte a Maquina;;55;0
C117;Henrique Barros;22;2024-11-07;Corte de Cabelo;;70;0
C091;Marcos Vinicius Castro;74;2024-11-07;Corte de Cabelo;Pomada de cabelo;70;89
C076;Marcelo Mendes;22;2024-11-07;Corte a Maquina;;55;0
C136;Dr. Levi Cunha;22;2024-11-07;Corte de Cabelo;;70;0
C111;Antônio Alves;67;2024-11-07;Combo 1;Pomada de cabelo;110;89
C151;Cauê Oliveira;71;2024-11-07;Combo 1;;110;0
C181;Dr. Enzo Gabriel Pinto;27;2024-11-07;Combo 1;Shampoo de barba;110;49
C112;Dr. Erick Ferreira;65;2024-11-07;Corte de Cabelo;;70;0
C242;Davi Novaes;37;2024-11-07;Depilação de orelha;Pomada de cabelo;35;89
C005;Dr. Enrico Ribeiro;30;2024-11-07;Combo 1;;110;0
C074;Lucas Gabriel Azevedo;70;2024-11-08;Corte de Cabelo;;70;0
C207;Pietro Caldeira;67;2024-11-08;Barba Modelada;;55;0
C231;Francisco Vieira;53;2024-11-08;Corte de Cabelo;;70;0
C087;Augusto Nunes;53;2024-11-08;Barba Modelada;;55;0
C143;Miguel da Cunha;15;2024-11-08;Corte de Cabelo;;70;0
C092;Marcos Vinicius Nogueira;42;2024-11-08;Limpeza de pele;;45;0
C009;Matheus da Cunha;13;2024-11-08;Corte de Cabelo;;70;0
C216;Thales Almeida;62;2024-11-08;Sobrancelha;Balm;35;49
C092;Marcos Vinicius Nogueira;42;2024-11-08;Barba Modelada;;55;0
C149;Enzo Gabriel Rocha;49;2024-11-09;Barba Modelada;;55;0
C172;Dr. Luiz Henrique Azevedo;62;2024-11-09;Corte de Cabelo;Balm;70;49
C086;Sr. Davi Lucas Vieira;42;2024-11-09;Combo 2;;100;0
C191;Enrico Peixoto;10;2024-11-09;Corte a Maquina;;55;0
C050;Pedro Henrique Fogaça;72;2024-11-09;Corte de Cabelo;;70;0
C250;Pedro Lucas Martins;71;2024-11-09;Combo 1;Pomada de cabelo;110;89
C021;Breno Nogueira;27;2024-11-09;Combo 1;Pomada de cabelo;110;89
C161;Luiz Miguel Sales;32;2024-11-09;Combo 1;Balm;110;49
C102;Kevin Moraes;70;2024-11-09;Barba Modelada;;55;0
C016;Levi Pereira;31;2024-11-09;Hidratação;;70;0
C127;Luiz Otávio da Rocha;72;2024-11-10;Corte a Maquina;Pomada de cabelo;55;89
C047;Diogo Lima;17;2024-11-10;Combo 1;;110;0
C006;Dr. Davi Peixoto;19;2024-11-10;Combo 2;;100;0
C241;Bruno Souza;25;2024-11-10;Corte de Cabelo;;70;0
C200;Murilo Almeida;11;2024-11-10;Corte a Maquina;;55;0
C039;Paulo Cardoso;14;2024-11-10;Corte de Cabelo;;70;0
C175;Diogo Almeida;35;2024-11-10;Sobrancelha;;35;0
C057;Sr. Juan Cavalcanti;31;2024-11-10;Barba Modelada;Balm;55;49
C040;Vinicius Nunes;47;2024-11-10;Combo 2;;100;0
C024;Breno das Neves;30;2024-11-10;Depilação de nariz;;35;0
C087;Augusto Nunes;53;2024-11-10;Combo 1;;110;0
C150;Pedro Henrique Pereira;22;2024-11-10;Combo 1;;110;0
C122;Nathan Moura;50;2024-11-11;Combo 1;;110;0
C220;Lorenzo Alves;26;2024-11-11;Corte de Cabelo;;70;0
C149;Enzo Gabriel Rocha;49;2024-11-11;Barba Modelada;;55;0
C051;Lorenzo Fernandes;39;2024-11-11;Limpeza de pele;Balm;45;49
C081;Pedro Henrique da Cruz;30;2024-11-11;Hidratação;;70;0
C224;Noah Nascimento;47;2024-11-11;Limpeza de pele;;45;0
C102;Kevin Moraes;70;2024-11-11;Barba Modelada;Shampoo de barba;55;49
C090;Yuri Fernandes;29;2024-11-11;Corte de Cabelo;;70;0
C091;Marcos Vinicius Castro;74;2024-11-11;Combo 2;;100;0
C133;Kevin Silva;16;2024-11-11;Corte a Maquina;Balm;55;49
C175;Diogo Almeida;35;2024-11-11;Corte a Maquina;Pomada de cabelo;55;89
C070;Davi Luiz Fogaça;36;2024-11-11;Hidratação;;70;0
C005;Dr. Enrico Ribeiro;30;2024-11-12;Corte de Cabelo;;70;0
C199;Luiz Felipe Moraes;2;2024-11-12;Combo 1;Pomada de cabelo;110;89
C121;Eduardo Nascimento;51;2024-11-12;Depilação de nariz;;35;0
C106;Sr. Yago Jesus;76;2024-11-12;Acabamento;;28;0
C139;Luiz Felipe Pinto;35;2024-11-12;Corte de Cabelo;Shampoo de barba;70;49
C151;Cauê Oliveira;71;2024-11-12;Hidratação;;70;0
C172;Dr. Luiz Henrique Azevedo;62;2024-11-12;Combo 2;;100;0
C091;Marcos Vinicius Castro;74;2024-11-12;Combo 2;;100;0
C042;João Vitor Cardoso;79;2024-11-12;Depilação de orelha;Shampoo de barba;35;49
C195;Dr. João Felipe Lopes;72;2024-11-12;Corte de Cabelo;;70;0
C247;Dr. Danilo Caldeira;72;2024-11-12;Combo 1;;110;0
C122;Nathan Moura;50;2024-11-13;Corte de Cabelo;;70;0
C050;Pedro Henrique Fogaça;72;2024-11-13;Combo 1;;110;0
C157;Erick da Cruz;4;2024-11-13;Corte a Maquina;;55;0
C122;Nathan Moura;50;2024-11-13;Combo 2;;100;0
C065;Vinicius Aragão;48;2024-11-13;Limpeza de pele;;45;0
C092;Marcos Vinicius Nogueira;42;2024-11-13;Corte a Maquina;;55;0
C034;João Moraes;29;2024-11-13;Barba Modelada;;55;0
C043;Dr. Kaique Campos;35;2024-11-13;Barba Modelada;Balm;55;49
C131;Enzo Gabriel Porto;36;2024-11-13;Combo 1;;110;0
C054;Joaquim Caldeira;26;2024-11-13;Corte de Cabelo;Shampoo de barba;70;49
C146;Sr. Davi Luiz Cardoso;79;2024-11-13;Combo 1;;110;0
C210;João Miguel da Paz;64;2024-11-13;Combo 2;Pomada de cabelo;100;89
C116;Lucca Moraes;21;2024-11-13;Combo 1;Pomada de cabelo;110;89
C062;Lorenzo da Paz;50;2024-11-14;Corte de Cabelo;;70;0
C198;Dr. Luiz Miguel Vieira;30;2024-11-14;Depilação de nariz;;35;0
C187;Ian Moraes;59;2024-11-14;Corte a Maquina;;55;0
C250;Pedro Lucas Martins;71;2024-11-14;Depilação de nariz;;35;0
C140;Cauã Freitas;66;2024-11-14;Limpeza de pele;;45;0
C109;Luiz Otávio Santos;30;2024-11-14;Corte de Cabelo;;70;0
C050;Pedro Henrique Fogaça;72;2024-11-14;Combo 1;Shampoo de barba;110;49
C183;Sr. Enrico das Neves;53;2024-11-14;Combo 2;;100;0
C178;Benício da Mata;56;2024-11-14;Barba Modelada;;55;0
C170;Dr. Noah Farias;18;2024-11-14;Corte de Cabelo;;70;0
C103;João Vitor Martins;35;2024-11-14;Limpeza de pele;;45;0
C105;João Vitor Cunha;56;2024-11-14;Combo 1;;110;0
C230;Enzo Alves;9;2024-11-14;Combo 1;;110;0
C244;Sr. Benjamin Moura;33;2024-11-14;Combo 1;;110;0
C153;Yuri Cardoso;2;2024-11-14;Corte de Cabelo;Shampoo de barba;70;49
C142;Enzo da Mota;66;2024-11-14;Limpeza de pele;;45;0
C158;Vicente Cardoso;16;2024-11-14;Corte de Cabelo;;70;0
C025;Dr. Leonardo Barros;59;2024-11-14;Acabamento;;28;0
C140;Cauã Freitas;66;2024-11-14;Sobrancelha;Balm;35;49
C141;Noah Freitas;24;2024-11-15;Corte de Cabelo;Balm;70;49
C103;João Vitor Martins;35;2024-11-15;Corte de Cabelo;;70;0
C005;Dr. Enrico Ribeiro;30;2024-11-15;Combo 1;;110;0
C197;Dr. Lucca Porto;77;2024-11-15;Corte a Maquina;;55;0
C007;Enzo Pires;15;2024-11-15;Corte de Cabelo;Balm;70;49
C008;Dr. Calebe Caldeira;71;2024-11-15;Corte de Cabelo;Balm;70;49
C032;Gabriel Teixeira;37;2024-11-15;Sobrancelha;;35;0
C119;Erick Caldeira;78;2024-11-15;Depilação de orelha;Balm;35;49
C074;Lucas Gabriel Azevedo;70;2024-11-15;Combo 1;Balm;110;49
C097;Nicolas Gomes;20;2024-11-15;Combo 1;;110;0
C073;Sr. Diogo da Luz;23;2024-11-15;Corte de Cabelo;Shampoo de barba;70;49
C105;João Vitor Cunha;56;2024-11-15;Combo 1;;110;0
C144;Enrico Moura;40;2024-11-15;Corte de Cabelo;Shampoo de barba;70;49
C154;João Guilherme Ribeiro;78;2024-11-15;Combo 2;;100;0
C030;Lorenzo Santos;56;2024-11-16;Corte de Cabelo;Balm;70;49
C129;Eduardo Nunes;16;2024-11-16;Combo 1;;110;0
C240;Benjamin Lima;56;2024-11-16;Corte de Cabelo;;70;0
C126;Davi da Cunha;34;2024-11-16;Corte de Cabelo;;70;0
C169;Alexandre Gomes;70;2024-11-16;Combo 2;;100;0
C180;Bryan Azevedo;71;2024-11-16;Corte de Cabelo;Balm;70;49
C064;Felipe Lopes;60;2024-11-16;Corte a Maquina;;55;0
C218;Sr. Emanuel da Mata;62;2024-11-16;Corte a Maquina;;55;0
C099;Lucas Gabriel Almeida;19;2024-11-16;Corte de Cabelo;;70;0
C206;Sr. Bryan Rezende;11;2024-11-16;Combo 1;Pomada de cabelo;110;89
C118;Ryan Cavalcanti;56;2024-11-16;Corte de Cabelo;;70;0
C198;Dr. Luiz Miguel Vieira;30;2024-11-16;Corte de Cabelo;;70;0
C095;João Lucas Barbosa;52;2024-11-16;Corte de Cabelo;Balm;70;49
C118;Ryan Cavalcanti;56;2024-11-16;Combo 1;;110;0
C186;Rodrigo Castro;68;2024-11-16;Combo 1;Balm;110;49
C120;Gabriel Rodrigues;10;2024-11-16;Corte de Cabelo;Balm;70;49
C117;Henrique Barros;22;2024-11-16;Corte de Cabelo;;70;0
C075;Thiago da Rosa;33;2024-11-16;Hidratação;Balm;70;49
C155;Dr. Davi Lucca Aragão;43;2024-11-17;Corte de Cabelo;;70;0
C032;Gabriel Teixeira;37;2024-11-17;Combo 2;Shampoo de barba;100;49
C096;Enzo Moreira;60;2024-11-17;Corte de Cabelo;;70;0
C081;Pedro Henrique da Cruz;30;2024-11-17;Barba Modelada;;55;0
C016;Levi Pereira;31;2024-11-17;Sobrancelha;;35;0
C052;Pedro Miguel Sales;48;2024-11-17;Corte de Cabelo;;70;0
C102;Kevin Moraes;70;2024-11-17;Combo 2;Shampoo de barba;100;49
C212;Breno da Costa;71;2024-11-17;Sobrancelha;Pomada de cabelo;35;89
C088;Sr. Bruno Rocha;36;2024-11-17;Barba Modelada;;55;0
C111;Antônio Alves;67;2024-11-17;Combo 1;Shampoo de barba;110;49
C225;Sr. João Felipe Pires;56;2024-11-17;Depilação de nariz;Balm;35;49
C192;Sr. João Lucas Ribeiro;45;2024-11-17;Combo 1;;110;0
C171;Erick Ferreira;18;2024-11-18;Combo 1;Pomada de cabelo;110;89
C098;Dr. Nathan Viana;35;2024-11-18;Corte de Cabelo;Pomada de cabelo;70;89
C171;Erick Ferreira;18;2024-11-18;Limpeza de pele;;45;0
C018;Benício das Neves;79;2024-11-18;Corte de Cabelo;;70;0
C212;Breno da Costa;71;2024-11-18;Combo 1;;110;0
C072;João Lucas Cunha;79;2024-11-18;Sobrancelha;;35;0
C118;Ryan Cavalcanti;56;2024-11-18;Corte a Maquina;Balm;55;49
C099;Lucas Gabriel Almeida;19;2024-11-18;Barba Modelada;;55;0
C010;Benjamin Fernandes;77;2024-11-18;Combo 1;Balm;110;49
C089;Sr. Alexandre Cavalcanti;10;2024-11-18;Combo 1;Shampoo de barba;110;49
C235;Augusto Peixoto;26;2024-11-18;Barba Modelada;Shampoo de barba;55;49
C233;Sr. Thomas Silva;15;2024-11-18;Combo 1;;110;0
C087;Augusto Nunes;53;2024-11-18;Depilação de nariz;;35;0
C242;Davi Novaes;37;2024-11-18;Corte de Cabelo;;70;0
C163;Thomas Cardoso;32;2024-11-18;Corte de Cabelo;Balm;70;49
C082;Yuri Teixeira;43;2024-11-19;Hidratação;;70;0
C212;Breno da Costa;71;2024-11-19;Combo 1;Pomada de cabelo;110;89
C195;Dr. João Felipe Lopes;72;2024-11-19;Corte de Cabelo;Pomada de cabelo;70;89
C127;Luiz Otávio da Rocha;72;2024-11-19;Combo 1;;110;0
C232;Levi da Mota;45;2024-11-19;Combo 1;;110;0
C152;Heitor Vieira;69;2024-11-19;Corte a Maquina;;55;0
C120;Gabriel Rodrigues;10;2024-11-19;Combo 1;;110;0
C095;João Lucas Barbosa;52;2024-11-19;Combo 1;;110;0
C126;Davi da Cunha;34;2024-11-19;Hidratação;;70;0
C195;Dr. João Felipe Lopes;72;2024-11-19;Corte de Cabelo;;70;0
C017;Alexandre das Neves;66;2024-11-19;Barba Modelada;;55;0
C166;Sr. João Vitor Vieira;12;2024-11-19;Combo 1;;110;0
C092;Marcos Vinicius Nogueira;42;2024-11-20;Corte de Cabelo;Shampoo de barba;70;49
C108;Dr. Luiz Fernando Porto;48;2024-11-20;Combo 1;Pomada de cabelo;110;89
C135;Lucas Costa;57;2024-11-20;Depilação de orelha;;35;0
C159;João Ribeiro;48;2024-11-20;Corte de Cabelo;;70;0
C218;Sr. Emanuel da Mata;62;2024-11-20;Combo 2;;100;0
C212;Breno da Costa;71;2024-11-20;Corte a Maquina;Balm;55;49
C204;João Vitor Martins;6;2024-11-20;Corte de Cabelo;;70;0
C014;Luiz Henrique Caldeira;13;2024-11-20;Corte de Cabelo;;70;0
C096;Enzo Moreira;60;2024-11-20;Combo 1;;110;0
C060;Marcos Vinicius Lopes;31;2024-11-20;Combo 2;Pomada de cabelo;100;89
C107;Dr. Gabriel Souza;53;2024-11-20;Combo 1;;110;0
C069;Pedro Henrique Pires;28;2024-11-21;Corte de Cabelo;;70;0
C232;Levi da Mota;45;2024-11-21;Corte a Maquina;Pomada de cabelo;55;89
C206;Sr. Bryan Rezende;11;2024-11-21;Corte de Cabelo;;70;0
C026;João Felipe Cavalcanti;77;2024-11-21;Limpeza de pele;Shampoo de barba;45;49
C193;Diego Campos;4;2024-11-21;Combo 1;;110;0
C182;Sr. Alexandre Azevedo;41;2024-11-21;Corte de Cabelo;;70;0
C247;Dr. Danilo Caldeira;72;2024-11-21;Depilação de orelha;Shampoo de barba;35;49
C032;Gabriel Teixeira;37;2024-11-21;Corte de Cabelo;;70;0
C022;Danilo Fernandes;71;2024-11-21;Corte de Cabelo;;70;0
C224;Noah Nascimento;47;2024-11-22;Combo 1;Balm;110;49
C078;Luiz Fernando Costa;50;2024-11-22;Combo 1;Shampoo de barba;110;49
C204;João Vitor Martins;6;2024-11-22;Corte de Cabelo;;70;0
C228;Benjamin Carvalho;8;2024-11-22;Combo 1;;110;0
C031;Emanuel Farias;45;2024-11-22;Combo 2;;100;0
C247;Dr. Danilo Caldeira;72;2024-11-22;Combo 1;;110;0
C144;Enrico Moura;40;2024-11-22;Corte de Cabelo;Shampoo de barba;70;49
C146;Sr. Davi Luiz Cardoso;79;2024-11-22;Corte de Cabelo;;70;0
C032;Gabriel Teixeira;37;2024-11-22;Combo 1;Shampoo de barba;110;49
C126;Davi da Cunha;34;2024-11-22;Sobrancelha;Pomada de cabelo;35;89
C054;Joaquim Caldeira;26;2024-11-22;Combo 1;;110;0
C198;Dr. Luiz Miguel Vieira;30;2024-11-23;Corte de Cabelo;Pomada de cabelo;70;89
C126;Davi da Cunha;34;2024-11-23;Combo 1;;110;0
C041;Arthur Silveira;46;2024-11-23;Depilação de orelha;Shampoo de barba;35;49
C032;Gabriel Teixeira;37;2024-11-23;Sobrancelha;;35;0
C113;Luiz Gustavo Rocha;13;2024-11-23;Combo 1;;110;0
C135;Lucas Costa;57;2024-11-23;Combo 1;;110;0
C096;Enzo Moreira;60;2024-11-23;Corte de Cabelo;Balm;70;49
C062;Lorenzo da Paz;50;2024-11-23;Acabamento;;28;0
C209;Lorenzo Martins;37;2024-11-24;Corte de Cabelo;Shampoo de barba;70;49
C181;Dr. Enzo Gabriel Pinto;27;2024-11-24;Depilação de nariz;Balm;35;49
C094;Felipe Barros;65;2024-11-24;Depilação de nariz;;35;0
C054;Joaquim Caldeira;26;2024-11-24;Corte de Cabelo;;70;0
C227;Davi Luiz da Paz;61;2024-11-24;Combo 1;Balm;110;49
C118;Ryan Cavalcanti;56;2024-11-24;Corte de Cabelo;;70;0
C027;Dr. Kaique Farias;37;2024-11-24;Corte de Cabelo;;70;0
C035;Cauê Pereira;45;2024-11-24;Acabamento;Pomada de cabelo;28;89
C246;Sr. Cauê da Costa;58;2024-11-24;Corte a Maquina;;55;0
C250;Pedro Lucas Martins;71;2024-11-24;Combo 1;;110;0
C231;Francisco Vieira;53;2024-11-24;Corte a Maquina;;55;0
C124;Dr. Gustavo Henrique Rodrigues;61;2024-11-24;Barba Modelada;;55;0
C220;Lorenzo Alves;26;2024-11-24;Barba Modelada;;55;0
C205;Luiz Felipe Almeida;44;2024-11-24;Corte de Cabelo;Shampoo de barba;70;49
C058;Dr. Danilo Aragão;39;2024-11-24;Corte a Maquina;;55;0
C024;Breno das Neves;30;2024-11-24;Barba Modelada;Shampoo de barba;55;49
C203;Renan da Mota;10;2024-11-24;Corte de Cabelo;;70;0
C157;Erick da Cruz;4;2024-11-25;Corte de Cabelo;;70;0
C035;Cauê Pereira;45;2024-11-25;Corte a Maquina;Shampoo de barba;55;49
C185;Dr. Marcelo Silva;58;2024-11-25;Combo 2;;100;0
C225;Sr. João Felipe Pires;56;2024-11-25;Combo 1;;110;0
C033;Marcelo Ribeiro;21;2024-11-25;Barba Modelada;;55;0
C053;Guilherme Fogaça;75;2024-11-25;Corte de Cabelo;;70;0
C122;Nathan Moura;50;2024-11-25;Barba Modelada;;55;0
C064;Felipe Lopes;60;2024-11-25;Combo 2;;100;0
C182;Sr. Alexandre Azevedo;41;2024-11-25;Corte de Cabelo;;70;0
C087;Augusto Nunes;53;2024-11-25;Combo 1;Shampoo de barba;110;49
C197;Dr. Lucca Porto;77;2024-11-25;Combo 1;;110;0
C215;Dr. Luiz Gustavo da Luz;75;2024-11-25;Corte de Cabelo;Pomada de cabelo;70;89
C007;Enzo Pires;15;2024-11-26;Corte de Cabelo;;70;0
C016;Levi Pereira;31;2024-11-26;Combo 1;Pomada de cabelo;110;89
C159;João Ribeiro;48;2024-11-26;Combo 1;Pomada de cabelo;110;89
C160;Noah Porto;41;2024-11-26;Hidratação;Shampoo de barba;70;49
C223;Samuel Souza;57;2024-11-26;Combo 1;;110;0
C158;Vicente Cardoso;16;2024-11-26;Corte de Cabelo;;70;0
C094;Felipe Barros;65;2024-11-26;Depilação de orelha;;35;0
C182;Sr. Alexandre Azevedo;41;2024-11-26;Acabamento;;28;0
C078;Luiz Fernando Costa;50;2024-11-26;Barba Modelada;;55;0
C250;Pedro Lucas Martins;71;2024-11-26;Corte de Cabelo;;70;0
C175;Diogo Almeida;35;2024-11-26;Sobrancelha;;35;0
C190;Luiz Felipe Carvalho;30;2024-11-26;Corte a Maquina;;55;0
C003;Dr. Daniel Vieira;37;2024-11-26;Depilação de nariz;Pomada de cabelo;35;89
C060;Marcos Vinicius Lopes;31;2024-11-26;Depilação de orelha;;35;0
C029;Pedro Miguel da Cunha;22;2024-11-26;Corte de Cabelo;;70;0
C213;Sr. Luiz Henrique da Conceição;18;2024-11-26;Combo 2;;100;0
C030;Lorenzo Santos;56;2024-11-26;Hidratação;;70;0
C238;Dr. Heitor da Costa;59;2024-11-26;Combo 1;Pomada de cabelo;110;89
C133;Kevin Silva;16;2024-11-26;Combo 1;;110;0
C244;Sr. Benjamin Moura;33;2024-11-26;Corte de Cabelo;Balm;70;49
C154;João Guilherme Ribeiro;78;2024-11-26;Limpeza de pele;Shampoo de barba;45;49
C175;Diogo Almeida;35;2024-11-26;Combo 1;Pomada de cabelo;110;89
C023;Luiz Gustavo Moreira;55;2024-11-26;Combo 2;;100;0
C151;Cauê Oliveira;71;2024-11-27;Corte de Cabelo;;70;0
C237;Luiz Gustavo Gonçalves;70;2024-11-27;Combo 1;;110;0
C161;Luiz Miguel Sales;32;2024-11-27;Acabamento;Pomada de cabelo;28;89
C039;Paulo Cardoso;14;2024-11-27;Corte a Maquina;;55;0
C232;Levi da Mota;45;2024-11-27;Combo 1;;110;0
C206;Sr. Bryan Rezende;11;2024-11-27;Corte de Cabelo;Pomada de cabelo;70;89
C207;Pietro Caldeira;67;2024-11-27;Barba Modelada;Balm;55;49
C111;Antônio Alves;67;2024-11-27;Corte de Cabelo;;70;0
C006;Dr. Davi Peixoto;19;2024-11-27;Barba Modelada;;55;0
C201;Nathan Gonçalves;9;2024-11-27;Corte de Cabelo;;70;0
C236;Eduardo Ramos;26;2024-11-27;Combo 1;;110;0
C095;João Lucas Barbosa;52;2024-11-27;Sobrancelha;;35;0
C024;Breno das Neves;30;2024-11-27;Combo 1;;110;0
C138;Cauã Teixeira;2;2024-11-27;Corte de Cabelo;;70;0
C218;Sr. Emanuel da Mata;62;2024-11-27;Corte de Cabelo;;70;0
C199;Luiz Felipe Moraes;2;2024-11-27;Corte a Maquina;;55;0
C244;Sr. Benjamin Moura;33;2024-11-27;Corte de Cabelo;;70;0
C170;Dr. Noah Farias;18;2024-11-27;Depilação de nariz;;35;0
C241;Bruno Souza;25;2024-11-28;Corte de Cabelo;Shampoo de barba;70;49
C098;Dr. Nathan Viana;35;2024-11-28;Barba Modelada;;55;0
C062;Lorenzo da Paz;50;2024-11-28;Limpeza de pele;;45;0
C061;Samuel da Luz;14;2024-11-28;Corte de Cabelo;;70;0
C076;Marcelo Mendes;22;2024-11-28;Corte de Cabelo;Balm;70;49
C105;João Vitor Cunha;56;2024-11-28;Combo 2;;100;0
C172;Dr. Luiz Henrique Azevedo;62;2024-11-28;Combo 2;;100;0
C101;Rodrigo Ferreira;73;2024-11-28;Corte de Cabelo;;70;0
C076;Marcelo Mendes;22;2024-11-28;Corte de Cabelo;;70;0
C046;Calebe das Neves;70;2024-11-28;Corte de Cabelo;;70;0
C068;Thomas Melo;47;2024-11-28;Combo 1;Balm;110;49
C037;André da Paz;13;2024-11-28;Combo 1;;110;0
C134;Heitor Moura;39;2024-11-28;Combo 1;;110;0
C161;Luiz Miguel Sales;32;2024-11-28;Combo 1;;110;0
C024;Breno das Neves;30;2024-11-28;Combo 1;;110;0
C232;Levi da Mota;45;2024-11-29;Depilação de orelha;Balm;35;49
C249;Bryan da Mata;8;2024-11-29;Combo 1;;110;0
C101;Rodrigo Ferreira;73;2024-11-29;Combo 1;;110;0
C006;Dr. Davi Peixoto;19;2024-11-29;Corte a Maquina;;55;0
C125;Dr. Daniel Cardoso;69;2024-11-29;Combo 1;;110;0
C187;Ian Moraes;59;2024-11-29;Barba Modelada;;55;0
C077;Igor Pereira;61;2024-11-29;Combo 1;Pomada de cabelo;110;89
C209;Lorenzo Martins;37;2024-11-29;Corte a Maquina;;55;0
C161;Luiz Miguel Sales;32;2024-11-29;Barba Modelada;;55;0
C170;Dr. Noah Farias;18;2024-11-29;Corte a Maquina;;55;0
C102;Kevin Moraes;70;2024-11-29;Combo 1;Shampoo de barba;110;49
C027;Dr. Kaique Farias;37;2024-11-29;Corte de Cabelo;;70;0
C155;Dr. Davi Lucca Aragão;43;2024-11-30;Corte a Maquina;;55;0
C044;Francisco da Cruz;7;2024-11-30;Corte de Cabelo;;70;0
C176;Lucas Gabriel Costela;69;2024-11-30;Corte de Cabelo;;70;0
C173;Lucca da Paz;72;2024-11-30;Combo 2;Shampoo de barba;100;49
C238;Dr. Heitor da Costa;59;2024-11-30;Barba Modelada;;55;0
C020;Sr. Calebe Peixoto;73;2024-11-30;Corte a Maquina;;55;0
C170;Dr. Noah Farias;18;2024-11-30;Corte a Maquina;Pomada de cabelo;55;89
C132;João Vitor Azevedo;45;2024-11-30;Combo 1;;110;0
C228;Benjamin Carvalho;8;2024-11-30;Corte de Cabelo;;70;0
C098;Dr. Nathan Viana;35;2024-11-30;Acabamento;;28;0
C040;Vinicius Nunes;47;2024-11-30;Corte a Maquina;Pomada de cabelo;55;89
C091;Marcos Vinicius Castro;74;2024-11-30;Sobrancelha;;35;0
C038;Sr. João Miguel Alves;50;2024-11-30;Barba Modelada;;55;0
C027;Dr. Kaique Farias;37;2024-11-30;Acabamento;;28;0
C028;Davi Lucas da Costa;2;2024-11-30;Combo 1;;110;0
C181;Dr. Enzo Gabriel Pinto;27;2024-11-30;Corte a Maquina;;55;0
C027;Dr. Kaique Farias;37;2024-11-30;Sobrancelha;;35;0
C221;João Felipe Almeida;14;2024-11-30;Combo 1;Balm;110;49
C082;Yuri Teixeira;43;2024-11-30;Combo 1;;110;0
C143;Miguel da Cunha;15;2024-12-01;Corte de Cabelo;;70;0
C119;Erick Caldeira;78;2024-12-01;Combo 1;;110;0
C081;Pedro Henrique da Cruz;30;2024-12-01;Depilação de orelha;;35;0
C123;Diogo Mendes;78;2024-12-01;Combo 1;;110;0
C007;Enzo Pires;15;2024-12-01;Combo 1;;110;0
C099;Lucas Gabriel Almeida;19;2024-12-01;Corte de Cabelo;Shampoo de barba;70;49
C246;Sr. Cauê da Costa;58;2024-12-01;Barba Modelada;Balm;55;49
C004;Sr. Davi Luiz Gomes;33;2024-12-01;Corte a Maquina;Pomada de cabelo;55;89
C022;Danilo Fernandes;71;2024-12-01;Corte de Cabelo;;70;0
C061;Samuel da Luz;14;2024-12-01;Combo 1;;110;0
C250;Pedro Lucas Martins;71;2024-12-01;Depilação de orelha;;35;0
C177;Thiago Melo;79;2024-12-01;Barba Modelada;;55;0
C099;Lucas Gabriel Almeida;19;2024-12-01;Corte de Cabelo;;70;0
C052;Pedro Miguel Sales;48;2024-12-02;Combo 2;;100;0
C225;Sr. João Felipe Pires;56;2024-12-02;Acabamento;;28;0
C078;Luiz Fernando Costa;50;2024-12-02;Corte a Maquina;;55;0
C202;Breno Vieira;31;2024-12-02;Combo 2;;100;0
C180;Bryan Azevedo;71;2024-12-02;Limpeza de pele;;45;0
C175;Diogo Almeida;35;2024-12-02;Corte de Cabelo;;70;0
C180;Bryan Azevedo;71;2024-12-02;Combo 2;;100;0
C198;Dr. Luiz Miguel Vieira;30;2024-12-02;Corte de Cabelo;;70;0
C098;Dr. Nathan Viana;35;2024-12-02;Combo 1;Shampoo de barba;110;49
C095;João Lucas Barbosa;52;2024-12-02;Depilação de orelha;;35;0
C112;Dr. Erick Ferreira;65;2024-12-02;Depilação de orelha;;35;0
C109;Luiz Otávio Santos;30;2024-12-02;Corte de Cabelo;;70;0
C220;Lorenzo Alves;26;2024-12-02;Corte de Cabelo;;70;0
C169;Alexandre Gomes;70;2024-12-02;Combo 1;;110;0
C171;Erick Ferreira;18;2024-12-03;Limpeza de pele;;45;0
C042;João Vitor Cardoso;79;2024-12-03;Combo 1;;110;0
C234;Joaquim Fernandes;33;2024-12-03;Combo 1;;110;0
C237;Luiz Gustavo Gonçalves;70;2024-12-03;Combo 2;;100;0
C046;Calebe das Neves;70;2024-12-03;Corte de Cabelo;;70;0
C113;Luiz Gustavo Rocha;13;2024-12-03;Corte de Cabelo;;70;0
C080;Anthony Souza;73;2024-12-03;Corte a Maquina;Pomada de cabelo;55;89
C150;Pedro Henrique Pereira;22;2024-12-03;Hidratação;;70;0
C064;Felipe Lopes;60;2024-12-03;Combo 1;Shampoo de barba;110;49
C069;Pedro Henrique Pires;28;2024-12-03;Barba Modelada;;55;0
C016;Levi Pereira;31;2024-12-03;Combo 1;Shampoo de barba;110;49
C131;Enzo Gabriel Porto;36;2024-12-03;Sobrancelha;Pomada de cabelo;35;89
C008;Dr. Calebe Caldeira;71;2024-12-03;Combo 2;;100;0
C163;Thomas Cardoso;32;2024-12-04;Corte de Cabelo;;70;0
C093;Calebe Dias;29;2024-12-04;Corte de Cabelo;Balm;70;49
C077;Igor Pereira;61;2024-12-04;Barba Modelada;;55;0
C023;Luiz Gustavo Moreira;55;2024-12-04;Hidratação;;70;0
C033;Marcelo Ribeiro;21;2024-12-04;Combo 2;;100;0
C110;Diego Moraes;19;2024-12-04;Barba Modelada;;55;0
C187;Ian Moraes;59;2024-12-04;Acabamento;;28;0
C230;Enzo Alves;9;2024-12-04;Corte de Cabelo;;70;0
C040;Vinicius Nunes;47;2024-12-04;Corte de Cabelo;;70;0
C128;Gustavo Henrique Cardoso;3;2024-12-04;Combo 1;;110;0
C124;Dr. Gustavo Henrique Rodrigues;61;2024-12-04;Corte de Cabelo;Balm;70;49
C073;Sr. Diogo da Luz;23;2024-12-05;Corte de Cabelo;;70;0
C031;Emanuel Farias;45;2024-12-05;Acabamento;;28;0
C050;Pedro Henrique Fogaça;72;2024-12-05;Combo 1;;110;0
C037;André da Paz;13;2024-12-05;Corte de Cabelo;;70;0
C197;Dr. Lucca Porto;77;2024-12-05;Combo 2;Balm;100;49
C176;Lucas Gabriel Costela;69;2024-12-05;Combo 1;Pomada de cabelo;110;89
C068;Thomas Melo;47;2024-12-05;Combo 1;;110;0
C041;Arthur Silveira;46;2024-12-05;Corte de Cabelo;;70;0
C100;Marcos Vinicius Novaes;33;2024-12-05;Combo 2;;100;0
C075;Thiago da Rosa;33;2024-12-05;Combo 2;;100;0
C003;Dr. Daniel Vieira;37;2024-12-05;Combo 1;Balm;110;49
C189;Enzo Gomes;33;2024-12-05;Combo 2;;100;0
C065;Vinicius Aragão;48;2024-12-05;Corte a Maquina;;55;0
C161;Luiz Miguel Sales;32;2024-12-05;Combo 1;;110;0
C099;Lucas Gabriel Almeida;19;2024-12-05;Combo 1;;110;0
C209;Lorenzo Martins;37;2024-12-05;Acabamento;Balm;28;49
C107;Dr. Gabriel Souza;53;2024-12-05;Corte de Cabelo;Balm;70;49
C081;Pedro Henrique da Cruz;30;2024-12-05;Combo 2;;100;0
C022;Danilo Fernandes;71;2024-12-06;Combo 1;;110;0
C056;Marcos Vinicius Lima;7;2024-12-06;Corte de Cabelo;Shampoo de barba;70;49
C183;Sr. Enrico das Neves;53;2024-12-06;Combo 2;Shampoo de barba;100;49
C218;Sr. Emanuel da Mata;62;2024-12-06;Combo 1;;110;0
C001;Carlos Eduardo Silveira;16;2024-12-06;Corte de Cabelo;;70;0
C011;Dr. Pedro Henrique Carvalho;56;2024-12-06;Combo 2;;100;0
C115;Bernardo Viana;16;2024-12-06;Combo 1;;110;0
C247;Dr. Danilo Caldeira;72;2024-12-06;Combo 1;;110;0
C186;Rodrigo Castro;68;2024-12-06;Sobrancelha;;35;0
C212;Breno da Costa;71;2024-12-06;Corte a Maquina;;55;0
C041;Arthur Silveira;46;2024-12-06;Corte a Maquina;;55;0
C224;Noah Nascimento;47;2024-12-06;Combo 2;;100;0
C085;João Lucas Azevedo;6;2024-12-06;Corte a Maquina;;55;0
C005;Dr. Enrico Ribeiro;30;2024-12-06;Corte a Maquina;Balm;55;49
C151;Cauê Oliveira;71;2024-12-06;Hidratação;;70;0
C099;Lucas Gabriel Almeida;19;2024-12-06;Combo 2;;100;0
C027;Dr. Kaique Farias;37;2024-12-07;Depilação de nariz;;35;0
C118;Ryan Cavalcanti;56;2024-12-07;Combo 1;Pomada de cabelo;110;89
C223;Samuel Souza;57;2024-12-07;Combo 1;;110;0
C052;Pedro Miguel Sales;48;2024-12-07;Combo 1;;110;0
C129;Eduardo Nunes;16;2024-12-07;Corte de Cabelo;;70;0
C192;Sr. João Lucas Ribeiro;45;2024-12-07;Corte a Maquina;;55;0
C205;Luiz Felipe Almeida;44;2024-12-07;Depilação de orelha;Pomada de cabelo;35;89
C095;João Lucas Barbosa;52;2024-12-07;Barba Modelada;;55;0
C227;Davi Luiz da Paz;61;2024-12-07;Corte a Maquina;;55;0
C112;Dr. Erick Ferreira;65;2024-12-07;Corte de Cabelo;;70;0
C091;Marcos Vinicius Castro;74;2024-12-07;Corte a Maquina;;55;0
C020;Sr. Calebe Peixoto;73;2024-12-07;Combo 1;;110;0
C169;Alexandre Gomes;70;2024-12-08;Barba Modelada;;55;0
C176;Lucas Gabriel Costela;69;2024-12-08;Combo 1;;110;0
C176;Lucas Gabriel Costela;69;2024-12-08;Barba Modelada;Balm;55;49
C147;Miguel Alves;27;2024-12-08;Limpeza de pele;;45;0
C117;Henrique Barros;22;2024-12-08;Combo 1;;110;0
C178;Benício da Mata;56;2024-12-08;Depilação de orelha;Pomada de cabelo;35;89
C057;Sr. Juan Cavalcanti;31;2024-12-08;Corte de Cabelo;Balm;70;49
C011;Dr. Pedro Henrique Carvalho;56;2024-12-08;Barba Modelada;;55;0
C013;Ryan Porto;5;2024-12-08;Combo 1;;110;0
C246;Sr. Cauê da Costa;58;2024-12-08;Corte de Cabelo;;70;0
C073;Sr. Diogo da Luz;23;2024-12-08;Acabamento;;28;0
C053;Guilherme Fogaça;75;2024-12-08;Depilação de nariz;Balm;35;49
C111;Antônio Alves;67;2024-12-08;Combo 2;;100;0
C040;Vinicius Nunes;47;2024-12-08;Combo 1;;110;0
C031;Emanuel Farias;45;2024-12-08;Sobrancelha;;35;0
C003;Dr. Daniel Vieira;37;2024-12-08;Depilação de orelha;;35;0
C107;Dr. Gabriel Souza;53;2024-12-08;Barba Modelada;;55;0
C187;Ian Moraes;59;2024-12-08;Corte de Cabelo;Pomada de cabelo;70;89
C027;Dr. Kaique Farias;37;2024-12-08;Acabamento;;28;0
C174;Leonardo Novaes;23;2024-12-09;Depilação de nariz;;35;0
C174;Leonardo Novaes;23;2024-12-09;Corte de Cabelo;;70;0
C190;Luiz Felipe Carvalho;30;2024-12-09;Barba Modelada;Balm;55;49
C202;Breno Vieira;31;2024-12-09;Combo 2;;100;0
C059;Sr. Caio Teixeira;12;2024-12-09;Corte a Maquina;;55;0
C098;Dr. Nathan Viana;35;2024-12-09;Corte de Cabelo;;70;0
C181;Dr. Enzo Gabriel Pinto;27;2024-12-09;Corte de Cabelo;;70;0
C089;Sr. Alexandre Cavalcanti;10;2024-12-09;Corte de Cabelo;;70;0
C060;Marcos Vinicius Lopes;31;2024-12-09;Combo 1;;110;0
C076;Marcelo Mendes;22;2024-12-09;Depilação de nariz;;35;0
C205;Luiz Felipe Almeida;44;2024-12-09;Combo 2;;100;0
C051;Lorenzo Fernandes;39;2024-12-09;Hidratação;;70;0
C154;João Guilherme Ribeiro;78;2024-12-09;Corte de Cabelo;Shampoo de barba;70;49
C159;João Ribeiro;48;2024-12-09;Barba Modelada;;55;0
C240;Benjamin Lima;56;2024-12-09;Depilação de nariz;;35;0
C205;Luiz Felipe Almeida;44;2024-12-09;Corte de Cabelo;;70;0
C014;Luiz Henrique Caldeira;13;2024-12-09;Corte a Maquina;;55;0
C056;Marcos Vinicius Lima;7;2024-12-09;Corte de Cabelo;Balm;70;49
C080;Anthony Souza;73;2024-12-09;Combo 2;;100;0
C029;Pedro Miguel da Cunha;22;2024-12-10;Combo 1;;110;0
C107;Dr. Gabriel Souza;53;2024-12-10;Barba Modelada;;55;0
C090;Yuri Fernandes;29;2024-12-10;Combo 1;;110;0
C086;Sr. Davi Lucas Vieira;42;2024-12-10;Corte de Cabelo;Shampoo de barba;70;49
C168;Bruno Pires;10;2024-12-10;Corte de Cabelo;Pomada de cabelo;70;89
C087;Augusto Nunes;53;2024-12-10;Corte de Cabelo;;70;0
C015;Theo Cardoso;29;2024-12-10;Barba Modelada;;55;0
C143;Miguel da Cunha;15;2024-12-10;Combo 1;Pomada de cabelo;110;89
C064;Felipe Lopes;60;2024-12-10;Corte de Cabelo;Balm;70;49
C170;Dr. Noah Farias;18;2024-12-10;Hidratação;;70;0
C154;João Guilherme Ribeiro;78;2024-12-10;Depilação de nariz;;35;0
C140;Cauã Freitas;66;2024-12-10;Combo 1;;110;0
C181;Dr. Enzo Gabriel Pinto;27;2024-12-10;Combo 1;;110;0
C025;Dr. Leonardo Barros;59;2024-12-10;Combo 1;;110;0
C243;Diogo Ribeiro;61;2024-12-10;Barba Modelada;;55;0
C072;João Lucas Cunha;79;2024-12-11;Combo 1;Balm;110;49
C016;Levi Pereira;31;2024-12-11;Corte de Cabelo;;70;0
C178;Benício da Mata;56;2024-12-11;Limpeza de pele;Pomada de cabelo;45;89
C030;Lorenzo Santos;56;2024-12-11;Hidratação;;70;0
C240;Benjamin Lima;56;2024-12-11;Sobrancelha;;35;0
C177;Thiago Melo;79;2024-12-11;Corte de Cabelo;;70;0
C091;Marcos Vinicius Castro;74;2024-12-11;Corte de Cabelo;Pomada de cabelo;70;89
C069;Pedro Henrique Pires;28;2024-12-11;Corte de Cabelo;;70;0
C035;Cauê Pereira;45;2024-12-12;Combo 1;Shampoo de barba;110;49
C094;Felipe Barros;65;2024-12-12;Corte de Cabelo;;70;0
C005;Dr. Enrico Ribeiro;30;2024-12-12;Barba Modelada;Balm;55;49
C170;Dr. Noah Farias;18;2024-12-12;Corte de Cabelo;;70;0
C185;Dr. Marcelo Silva;58;2024-12-12;Combo 2;Shampoo de barba;100;49
C080;Anthony Souza;73;2024-12-12;Barba Modelada;;55;0
C138;Cauã Teixeira;2;2024-12-12;Corte a Maquina;;55;0
C004;Sr. Davi Luiz Gomes;33;2024-12-12;Combo 1;Shampoo de barba;110;49
C073;Sr. Diogo da Luz;23;2024-12-12;Corte a Maquina;Pomada de cabelo;55;89
C201;Nathan Gonçalves;9;2024-12-12;Corte de Cabelo;;70;0
C171;Erick Ferreira;18;2024-12-13;Corte de Cabelo;;70;0
C007;Enzo Pires;15;2024-12-13;Corte de Cabelo;;70;0
C053;Guilherme Fogaça;75;2024-12-13;Corte a Maquina;;55;0
C146;Sr. Davi Luiz Cardoso;79;2024-12-13;Barba Modelada;;55;0
C127;Luiz Otávio da Rocha;72;2024-12-13;Corte a Maquina;Pomada de cabelo;55;89
C082;Yuri Teixeira;43;2024-12-13;Corte de Cabelo;;70;0
C034;João Moraes;29;2024-12-13;Corte de Cabelo;Pomada de cabelo;70;89
C134;Heitor Moura;39;2024-12-13;Barba Modelada;;55;0
C164;Nathan Cardoso;74;2024-12-13;Sobrancelha;;35;0
C223;Samuel Souza;57;2024-12-13;Combo 1;Shampoo de barba;110;49
C078;Luiz Fernando Costa;50;2024-12-13;Combo 1;Pomada de cabelo;110;89
C042;João Vitor Cardoso;79;2024-12-13;Limpeza de pele;;45;0
C007;Enzo Pires;15;2024-12-13;Corte de Cabelo;;70;0
C130;Dr. Luigi Ferreira;70;2024-12-13;Corte a Maquina;;55;0
C167;Marcos Vinicius Ferreira;64;2024-12-13;Corte a Maquina;;55;0
C062;Lorenzo da Paz;50;2024-12-14;Combo 2;;100;0
C184;Sr. Alexandre Silva;49;2024-12-14;Corte de Cabelo;;70;0
C239;Danilo Pinto;19;2024-12-14;Combo 1;;110;0
C077;Igor Pereira;61;2024-12-14;Combo 2;;100;0
C053;Guilherme Fogaça;75;2024-12-14;Corte a Maquina;;55;0
C049;Emanuel Oliveira;12;2024-12-14;Combo 1;Pomada de cabelo;110;89
C187;Ian Moraes;59;2024-12-14;Combo 1;Pomada de cabelo;110;89
C017;Alexandre das Neves;66;2024-12-14;Combo 1;;110;0
C071;Rafael Mendes;11;2024-12-14;Corte de Cabelo;;70;0
C213;Sr. Luiz Henrique da Conceição;18;2024-12-14;Corte de Cabelo;Balm;70;49
C084;Nicolas Oliveira;31;2024-12-14;Corte de Cabelo;;70;0
C031;Emanuel Farias;45;2024-12-14;Corte de Cabelo;Shampoo de barba;70;49
C045;Luiz Gustavo Oliveira;60;2024-12-14;Barba Modelada;Balm;55;49
C155;Dr. Davi Lucca Aragão;43;2024-12-14;Corte de Cabelo;;70;0
C203;Renan da Mota;10;2024-12-14;Corte de Cabelo;Shampoo de barba;70;49
C072;João Lucas Cunha;79;2024-12-14;Corte de Cabelo;;70;0
C031;Emanuel Farias;45;2024-12-15;Corte de Cabelo;;70;0
C066;Benício Moreira;22;2024-12-15;Sobrancelha;Shampoo de barba;35;49
C160;Noah Porto;41;2024-12-15;Acabamento;Pomada de cabelo;28;89
C230;Enzo Alves;9;2024-12-15;Corte de Cabelo;;70;0
C076;Marcelo Mendes;22;2024-12-15;Limpeza de pele;;45;0
C026;João Felipe Cavalcanti;77;2024-12-15;Combo 1;;110;0
C176;Lucas Gabriel Costela;69;2024-12-15;Sobrancelha;;35;0
C147;Miguel Alves;27;2024-12-15;Hidratação;;70;0
C056;Marcos Vinicius Lima;7;2024-12-15;Corte de Cabelo;;70;0
C046;Calebe das Neves;70;2024-12-15;Combo 1;;110;0
C196;Gabriel Peixoto;31;2024-12-15;Limpeza de pele;Pomada de cabelo;45;89
C240;Benjamin Lima;56;2024-12-16;Barba Modelada;;55;0
C047;Diogo Lima;17;2024-12-16;Combo 1;;110;0
C057;Sr. Juan Cavalcanti;31;2024-12-16;Barba Modelada;;55;0
C234;Joaquim Fernandes;33;2024-12-16;Combo 1;Shampoo de barba;110;49
C154;João Guilherme Ribeiro;78;2024-12-16;Combo 1;Shampoo de barba;110;49
C136;Dr. Levi Cunha;22;2024-12-16;Combo 1;;110;0
C237;Luiz Gustavo Gonçalves;70;2024-12-16;Corte de Cabelo;;70;0
C122;Nathan Moura;50;2024-12-16;Depilação de orelha;;35;0
C068;Thomas Melo;47;2024-12-16;Corte de Cabelo;;70;0
C196;Gabriel Peixoto;31;2024-12-17;Corte a Maquina;;55;0
C100;Marcos Vinicius Novaes;33;2024-12-17;Barba Modelada;;55;0
C082;Yuri Teixeira;43;2024-12-17;Corte de Cabelo;;70;0
C159;João Ribeiro;48;2024-12-17;Barba Modelada;;55;0
C194;Kevin Silva;77;2024-12-17;Corte de Cabelo;;70;0
C078;Luiz Fernando Costa;50;2024-12-17;Corte de Cabelo;;70;0
C216;Thales Almeida;62;2024-12-17;Combo 1;;110;0
C187;Ian Moraes;59;2024-12-17;Barba Modelada;;55;0
C013;Ryan Porto;5;2024-12-17;Corte de Cabelo;;70;0
C209;Lorenzo Martins;37;2024-12-17;Corte a Maquina;Pomada de cabelo;55;89
C090;Yuri Fernandes;29;2024-12-17;Barba Modelada;;55;0
C207;Pietro Caldeira;67;2024-12-17;Depilação de nariz;;35;0
C114;João Gabriel da Mota;8;2024-12-17;Corte de Cabelo;;70;0
C010;Benjamin Fernandes;77;2024-12-17;Corte de Cabelo;;70;0
C082;Yuri Teixeira;43;2024-12-17;Acabamento;;28;0
C029;Pedro Miguel da Cunha;22;2024-12-17;Corte de Cabelo;Shampoo de barba;70;49
C078;Luiz Fernando Costa;50;2024-12-17;Combo 1;Pomada de cabelo;110;89
C082;Yuri Teixeira;43;2024-12-17;Limpeza de pele;;45;0
C041;Arthur Silveira;46;2024-12-17;Corte de Cabelo;;70;0
C144;Enrico Moura;40;2024-12-18;Corte de Cabelo;;70;0
C080;Anthony Souza;73;2024-12-18;Hidratação;;70;0
C225;Sr. João Felipe Pires;56;2024-12-18;Corte de Cabelo;;70;0
C170;Dr. Noah Farias;18;2024-12-18;Corte de Cabelo;;70;0
C095;João Lucas Barbosa;52;2024-12-18;Depilação de orelha;;35;0
C214;Gustavo Barbosa;75;2024-12-18;Corte de Cabelo;;70;0
C175;Diogo Almeida;35;2024-12-18;Barba Modelada;;55;0
C203;Renan da Mota;10;2024-12-18;Corte a Maquina;Pomada de cabelo;55;89
C204;João Vitor Martins;6;2024-12-18;Combo 1;;110;0
C008;Dr. Calebe Caldeira;71;2024-12-18;Corte a Maquina;;55;0
C205;Luiz Felipe Almeida;44;2024-12-18;Corte de Cabelo;;70;0
C092;Marcos Vinicius Nogueira;42;2024-12-18;Combo 1;Shampoo de barba;110;49
C165;Vitor Novaes;12;2024-12-18;Combo 1;;110;0
C066;Benício Moreira;22;2024-12-18;Corte de Cabelo;;70;0
C065;Vinicius Aragão;48;2024-12-18;Corte de Cabelo;;70;0
C188;Dr. Cauê Moraes;17;2024-12-19;Combo 1;Pomada de cabelo;110;89
C026;João Felipe Cavalcanti;77;2024-12-19;Hidratação;;70;0
C234;Joaquim Fernandes;33;2024-12-19;Barba Modelada;;55;0
C112;Dr. Erick Ferreira;65;2024-12-19;Barba Modelada;;55;0
C010;Benjamin Fernandes;77;2024-12-19;Hidratação;;70;0
C233;Sr. Thomas Silva;15;2024-12-19;Combo 1;;110;0
C035;Cauê Pereira;45;2024-12-19;Combo 1;Shampoo de barba;110;49
C178;Benício da Mata;56;2024-12-19;Hidratação;Pomada de cabelo;70;89
C051;Lorenzo Fernandes;39;2024-12-20;Acabamento;;28;0
C195;Dr. João Felipe Lopes;72;2024-12-20;Combo 1;Pomada de cabelo;110;89
C111;Antônio Alves;67;2024-12-20;Depilação de nariz;;35;0
C020;Sr. Calebe Peixoto;73;2024-12-20;Combo 2;Balm;100;49
C010;Benjamin Fernandes;77;2024-12-20;Depilação de nariz;Shampoo de barba;35;49
C111;Antônio Alves;67;2024-12-20;Combo 1;Pomada de cabelo;110;89
C219;Lucca Nogueira;54;2024-12-20;Combo 1;;110;0
C201;Nathan Gonçalves;9;2024-12-20;Combo 1;;110;0
C171;Erick Ferreira;18;2024-12-20;Corte de Cabelo;;70;0
C074;Lucas Gabriel Azevedo;70;2024-12-20;Combo 1;;110;0
C204;João Vitor Martins;6;2024-12-20;Combo 1;;110;0
C074;Lucas Gabriel Azevedo;70;2024-12-20;Depilação de nariz;;35;0
C218;Sr. Emanuel da Mata;62;2024-12-20;Hidratação;Balm;70;49
C030;Lorenzo Santos;56;2024-12-20;Depilação de orelha;Pomada de cabelo;35;89
C205;Luiz Felipe Almeida;44;2024-12-20;Sobrancelha;;35;0
C057;Sr. Juan Cavalcanti;31;2024-12-20;Combo 1;;110;0
C094;Felipe Barros;65;2024-12-20;Depilação de nariz;;35;0
C050;Pedro Henrique Fogaça;72;2024-12-21;Corte a Maquina;;55;0
C051;Lorenzo Fernandes;39;2024-12-21;Combo 2;Shampoo de barba;100;49
C187;Ian Moraes;59;2024-12-21;Corte de Cabelo;;70;0
C130;Dr. Luigi Ferreira;70;2024-12-21;Hidratação;;70;0
C198;Dr. Luiz Miguel Vieira;30;2024-12-21;Corte de Cabelo;Pomada de cabelo;70;89
C115;Bernardo Viana;16;2024-12-21;Corte de Cabelo;Balm;70;49
C100;Marcos Vinicius Novaes;33;2024-12-21;Depilação de nariz;;35;0
C237;Luiz Gustavo Gonçalves;70;2024-12-21;Combo 2;;100;0
C003;Dr. Daniel Vieira;37;2024-12-21;Barba Modelada;Shampoo de barba;55;49
C085;João Lucas Azevedo;6;2024-12-21;Combo 1;;110;0
C151;Cauê Oliveira;71;2024-12-21;Hidratação;Shampoo de barba;70;49
C066;Benício Moreira;22;2024-12-21;Hidratação;;70;0
C077;Igor Pereira;61;2024-12-21;Depilação de nariz;Pomada de cabelo;35;89
C113;Luiz Gustavo Rocha;13;2024-12-22;Combo 1;;110;0
C102;Kevin Moraes;70;2024-12-22;Barba Modelada;Balm;55;49
C086;Sr. Davi Lucas Vieira;42;2024-12-22;Combo 1;;110;0
C126;Davi da Cunha;34;2024-12-22;Combo 2;;100;0
C209;Lorenzo Martins;37;2024-12-22;Barba Modelada;;55;0
C041;Arthur Silveira;46;2024-12-22;Combo 1;Balm;110;49
C061;Samuel da Luz;14;2024-12-22;Corte de Cabelo;;70;0
C148;Sr. Enrico Teixeira;21;2024-12-22;Corte de Cabelo;Shampoo de barba;70;49
C022;Danilo Fernandes;71;2024-12-22;Combo 2;;100;0
C024;Breno das Neves;30;2024-12-22;Hidratação;;70;0
C192;Sr. João Lucas Ribeiro;45;2024-12-22;Corte de Cabelo;;70;0
C144;Enrico Moura;40;2024-12-22;Corte de Cabelo;Balm;70;49
C213;Sr. Luiz Henrique da Conceição;18;2024-12-23;Corte de Cabelo;Shampoo de barba;70;49
C031;Emanuel Farias;45;2024-12-23;Corte a Maquina;Shampoo de barba;55;49
C152;Heitor Vieira;69;2024-12-23;Corte de Cabelo;;70;0
C195;Dr. João Felipe Lopes;72;2024-12-23;Barba Modelada;;55;0
C105;João Vitor Cunha;56;2024-12-23;Combo 1;;110;0
C027;Dr. Kaique Farias;37;2024-12-23;Corte a Maquina;;55;0
C021;Breno Nogueira;27;2024-12-23;Corte de Cabelo;Pomada de cabelo;70;89
C015;Theo Cardoso;29;2024-12-23;Combo 2;;100;0
C102;Kevin Moraes;70;2024-12-23;Corte de Cabelo;Shampoo de barba;70;49
C045;Luiz Gustavo Oliveira;60;2024-12-23;Barba Modelada;;55;0
C176;Lucas Gabriel Costela;69;2024-12-24;Corte a Maquina;;55;0
C123;Diogo Mendes;78;2024-12-24;Combo 1;;110;0
C011;Dr. Pedro Henrique Carvalho;56;2024-12-24;Corte a Maquina;;55;0
C189;Enzo Gomes;33;2024-12-24;Barba Modelada;;55;0
C086;Sr. Davi Lucas Vieira;42;2024-12-24;Combo 2;Pomada de cabelo;100;89
C169;Alexandre Gomes;70;2024-12-24;Combo 1;;110;0
C186;Rodrigo Castro;68;2024-12-24;Corte a Maquina;Shampoo de barba;55;49
C092;Marcos Vinicius Nogueira;42;2024-12-24;Combo 1;;110;0
C013;Ryan Porto;5;2024-12-24;Corte de Cabelo;Pomada de cabelo;70;89
C141;Noah Freitas;24;2024-12-24;Limpeza de pele;;45;0
C132;João Vitor Azevedo;45;2024-12-24;Depilação de orelha;;35;0
C209;Lorenzo Martins;37;2024-12-24;Combo 1;;110;0
C001;Carlos Eduardo Silveira;16;2024-12-24;Combo 1;;110;0
C132;João Vitor Azevedo;45;2024-12-24;Barba Modelada;Pomada de cabelo;55;89
C159;João Ribeiro;48;2024-12-24;Hidratação;Pomada de cabelo;70;89
C217;Thales Ferreira;33;2024-12-24;Barba Modelada;Balm;55;49
C095;João Lucas Barbosa;52;2024-12-25;Corte a Maquina;;55;0
C209;Lorenzo Martins;37;2024-12-25;Combo 1;;110;0
C088;Sr. Bruno Rocha;36;2024-12-25;Combo 1;Balm;110;49
C171;Erick Ferreira;18;2024-12-25;Combo 1;Pomada de cabelo;110;89
C179;Dr. Vitor Barbosa;29;2024-12-25;Corte de Cabelo;;70;0
C236;Eduardo Ramos;26;2024-12-25;Combo 1;Balm;110;49
C118;Ryan Cavalcanti;56;2024-12-25;Acabamento;;28;0
C020;Sr. Calebe Peixoto;73;2024-12-25;Combo 2;;100;0
C074;Lucas Gabriel Azevedo;70;2024-12-25;Combo 2;;100;0
C164;Nathan Cardoso;74;2024-12-25;Barba Modelada;;55;0
C231;Francisco Vieira;53;2024-12-25;Corte de Cabelo;;70;0
C072;João Lucas Cunha;79;2024-12-25;Sobrancelha;;35;0
C050;Pedro Henrique Fogaça;72;2024-12-25;Hidratação;Shampoo de barba;70;49
C129;Eduardo Nunes;16;2024-12-25;Corte de Cabelo;Balm;70;49
C037;André da Paz;13;2024-12-25;Combo 1;;110;0
C005;Dr. Enrico Ribeiro;30;2024-12-25;Corte de Cabelo;;70;0
C094;Felipe Barros;65;2024-12-26;Hidratação;;70;0
C027;Dr. Kaique Farias;37;2024-12-26;Combo 1;;110;0
C181;Dr. Enzo Gabriel Pinto;27;2024-12-26;Combo 1;;110;0
C190;Luiz Felipe Carvalho;30;2024-12-26;Corte de Cabelo;;70;0
C161;Luiz Miguel Sales;32;2024-12-26;Barba Modelada;;55;0
C024;Breno das Neves;30;2024-12-26;Combo 1;;110;0
C064;Felipe Lopes;60;2024-12-26;Combo 1;;110;0
C190;Luiz Felipe Carvalho;30;2024-12-26;Hidratação;;70;0
C230;Enzo Alves;9;2024-12-26;Combo 1;Balm;110;49
C194;Kevin Silva;77;2024-12-26;Sobrancelha;;35;0
C173;Lucca da Paz;72;2024-12-26;Combo 2;Shampoo de barba;100;49
C019;Calebe Gomes;5;2024-12-26;Combo 1;Shampoo de barba;110;49
C074;Lucas Gabriel Azevedo;70;2024-12-26;Corte a Maquina;;55;0
C169;Alexandre Gomes;70;2024-12-26;Depilação de orelha;;35;0
C142;Enzo da Mota;66;2024-12-26;Corte de Cabelo;Balm;70;49
C159;João Ribeiro;48;2024-12-26;Combo 2;;100;0
C079;João Guilherme Dias;36;2024-12-27;Barba Modelada;Shampoo de barba;55;49
C233;Sr. Thomas Silva;15;2024-12-27;Combo 1;Balm;110;49
C109;Luiz Otávio Santos;30;2024-12-27;Depilação de nariz;;35;0
C169;Alexandre Gomes;70;2024-12-27;Acabamento;;28;0
C170;Dr. Noah Farias;18;2024-12-27;Barba Modelada;Pomada de cabelo;55;89
C169;Alexandre Gomes;70;2024-12-27;Combo 1;;110;0
C130;Dr. Luigi Ferreira;70;2024-12-27;Combo 1;;110;0
C079;João Guilherme Dias;36;2024-12-27;Sobrancelha;Shampoo de barba;35;49
C050;Pedro Henrique Fogaça;72;2024-12-27;Combo 2;;100;0
C118;Ryan Cavalcanti;56;2024-12-27;Combo 1;Pomada de cabelo;110;89
C201;Nathan Gonçalves;9;2024-12-28;Corte de Cabelo;Shampoo de barba;70;49
C010;Benjamin Fernandes;77;2024-12-28;Depilação de orelha;;35;0
C024;Breno das Neves;30;2024-12-28;Combo 2;;100;0
C170;Dr. Noah Farias;18;2024-12-28;Corte a Maquina;Shampoo de barba;55;49
C161;Luiz Miguel Sales;32;2024-12-28;Combo 1;;110;0
C222;Antônio Carvalho;14;2024-12-28;Corte a Maquina;;55;0
C226;Pedro Henrique Jesus;54;2024-12-28;Acabamento;Pomada de cabelo;28;89
C008;Dr. Calebe Caldeira;71;2024-12-28;Combo 1;;110;0
C128;Gustavo Henrique Cardoso;3;2024-12-28;Corte de Cabelo;;70;0
C144;Enrico Moura;40;2024-12-28;Corte de Cabelo;;70;0
C220;Lorenzo Alves;26;2024-12-28;Combo 1;;110;0
C238;Dr. Heitor da Costa;59;2024-12-28;Hidratação;;70;0
C058;Dr. Danilo Aragão;39;2024-12-28;Barba Modelada;;55;0
C138;Cauã Teixeira;2;2024-12-28;Corte de Cabelo;;70;0
C051;Lorenzo Fernandes;39;2024-12-28;Barba Modelada;Pomada de cabelo;55;89
C130;Dr. Luigi Ferreira;70;2024-12-29;Combo 1;;110;0
C129;Eduardo Nunes;16;2024-12-29;Corte a Maquina;Balm;55;49
C134;Heitor Moura;39;2024-12-29;Limpeza de pele;;45;0
C054;Joaquim Caldeira;26;2024-12-29;Corte de Cabelo;;70;0
C170;Dr. Noah Farias;18;2024-12-29;Corte de Cabelo;Shampoo de barba;70;49
C057;Sr. Juan Cavalcanti;31;2024-12-29;Combo 1;;110;0
C046;Calebe das Neves;70;2024-12-29;Corte de Cabelo;Shampoo de barba;70;49
C044;Francisco da Cruz;7;2024-12-29;Combo 1;;110;0
C045;Luiz Gustavo Oliveira;60;2024-12-29;Corte de Cabelo;;70;0
C184;Sr. Alexandre Silva;49;2024-12-30;Corte de Cabelo;;70;0
C222;Antônio Carvalho;14;2024-12-30;Corte a Maquina;Shampoo de barba;55;49
C113;Luiz Gustavo Rocha;13;2024-12-30;Corte a Maquina;;55;0
C077;Igor Pereira;61;2024-12-30;Hidratação;;70;0
C134;Heitor Moura;39;2024-12-30;Sobrancelha;Shampoo de barba;35;49
C029;Pedro Miguel da Cunha;22;2024-12-30;Corte de Cabelo;Balm;70;49
C065;Vinicius Aragão;48;2024-12-30;Barba Modelada;Pomada de cabelo;55;89
C156;João Felipe das Neves;64;2024-12-30;Corte a Maquina;;55;0
C159;João Ribeiro;48;2024-12-30;Corte de Cabelo;;70;0
C211;Cauê Almeida;29;2024-12-30;Corte de Cabelo;;70;0
C210;João Miguel da Paz;64;2024-12-30;Corte de Cabelo;Balm;70;49
C095;João Lucas Barbosa;52;2024-12-30;Corte a Maquina;;55;0
C123;Diogo Mendes;78;2024-12-30;Corte de Cabelo;Shampoo de barba;70;49
C231;Francisco Vieira;53;2024-12-30;Limpeza de pele;Pomada de cabelo;45;89
C040;Vinicius Nunes;47;2024-12-30;Combo 1;;110;0
C167;Marcos Vinicius Ferreira;64;2024-12-30;Corte de Cabelo;;70;0
C007;Enzo Pires;15;2024-12-30;Combo 1;;110;0
